2026-02-17 11:18:18,048 [INFO] ============================================================
2026-02-17 11:18:18,048 [INFO] Spot Paper Trader starting
2026-02-17 11:18:18,048 [INFO] Exchange: hyperliquid | Profile: medium | Capital: $10000
2026-02-17 11:18:18,048 [INFO] Symbols: ['HYPE/USDC'] | Timeframe: 15m | Max coins: 3
2026-02-17 11:18:18,048 [INFO] ============================================================
2026-02-17 11:18:18,054 [INFO] Connected to hyperliquid
2026-02-17 11:18:19,745 [INFO] ── Cycle 1 at 2026-02-17T19:18:19+00:00 ──
2026-02-17 11:18:33,308 [DEBUG] HYPE/USDC: $29.6450 | regime=ACCUMULATION | ATR%=0.86 | TP=1.37% | Dev=2.29%
2026-02-17 11:18:33,308 [INFO] 📥 DEAL 1 OPENED: HYPE/USDC @ $29.6450 (regime=ACCUMULATION, TP=1.37%)
2026-02-17 11:18:34,543 [INFO] Equity: $9999.72 (-0.00%) | Cash: $9600.00 | Deals: 1 active, 0 completed | DD: 0.0%
2026-02-17 11:18:34,544 [DEBUG] Sleeping 900s until next cycle...
2026-02-17 12:15:15,224 [INFO] ============================================================
2026-02-17 12:15:15,226 [INFO] Spot Paper Trader starting
2026-02-17 12:15:15,226 [INFO] Exchange: hyperliquid | Profile: medium | Capital: $10000
2026-02-17 12:15:15,226 [INFO] Symbols: ['HYPE/USDC'] | Timeframe: 15m | Max coins: 3
2026-02-17 12:15:15,226 [INFO] ============================================================
2026-02-17 12:15:15,234 [INFO] Connected to hyperliquid
2026-02-17 12:15:15,241 [INFO] State loaded: cash=$9600.00, 1 active deals, 0 completed
2026-02-17 12:15:16,911 [INFO] ── Cycle 1 at 2026-02-17T20:15:16+00:00 ──
2026-02-17 12:15:30,284 [DEBUG] HYPE/USDC: $29.4260 | regime=ACCUMULATION | ATR%=0.74 | TP=1.19% | Dev=2.00%
2026-02-17 12:15:30,286 [INFO] Equity: $9996.77 (-0.03%) | Cash: $9600.00 | Deals: 1 active, 0 completed | DD: 0.0%
2026-02-17 12:15:30,286 [DEBUG] Sleeping 900s until next cycle...
2026-02-17 12:30:30,693 [INFO] ── Cycle 2 at 2026-02-17T20:30:30+00:00 ──
2026-02-17 12:30:33,506 [DEBUG] HYPE/USDC: $29.5250 | regime=ACCUMULATION | ATR%=0.68 | TP=1.09% | Dev=2.00%
2026-02-17 12:30:33,509 [INFO] Equity: $9998.10 (-0.02%) | Cash: $9600.00 | Deals: 1 active, 0 completed | DD: 0.0%
2026-02-17 12:30:33,512 [DEBUG] Sleeping 900s until next cycle...
2026-02-17 12:45:34,269 [INFO] ── Cycle 3 at 2026-02-17T20:45:34+00:00 ──
2026-02-17 12:45:38,176 [DEBUG] HYPE/USDC: $29.6250 | regime=ACCUMULATION | ATR%=0.69 | TP=1.10% | Dev=2.00%
2026-02-17 12:45:38,180 [INFO] Equity: $9999.45 (-0.01%) | Cash: $9600.00 | Deals: 1 active, 0 completed | DD: 0.0%
2026-02-17 12:45:38,182 [DEBUG] Sleeping 900s until next cycle...
2026-02-17 13:00:39,209 [INFO] ── Cycle 4 at 2026-02-17T21:00:39+00:00 ──
2026-02-17 13:00:41,371 [DEBUG] HYPE/USDC: $29.6930 | regime=ACCUMULATION | ATR%=0.62 | TP=1.00% | Dev=2.00%
2026-02-17 13:00:41,374 [INFO] Equity: $10000.37 (0.00%) | Cash: $9600.00 | Deals: 1 active, 0 completed | DD: 0.0%
2026-02-17 13:00:41,376 [DEBUG] Sleeping 900s until next cycle...
2026-02-17 13:15:41,736 [INFO] ── Cycle 5 at 2026-02-17T21:15:41+00:00 ──
2026-02-17 13:15:44,380 [DEBUG] HYPE/USDC: $29.7460 | regime=ACCUMULATION | ATR%=0.63 | TP=1.01% | Dev=2.00%
2026-02-17 13:15:44,382 [INFO] Equity: $10001.08 (0.01%) | Cash: $9600.00 | Deals: 1 active, 0 completed | DD: 0.0%
2026-02-17 13:15:44,384 [DEBUG] Sleeping 900s until next cycle...
2026-02-17 13:30:44,724 [INFO] ── Cycle 6 at 2026-02-17T21:30:44+00:00 ──
2026-02-17 13:30:47,316 [DEBUG] HYPE/USDC: $29.6630 | regime=ACCUMULATION | ATR%=0.60 | TP=1.00% | Dev=2.00%
2026-02-17 13:30:47,318 [INFO] Equity: $9999.96 (-0.00%) | Cash: $9600.00 | Deals: 1 active, 0 completed | DD: 0.0%
2026-02-17 13:30:47,319 [DEBUG] Sleeping 900s until next cycle...
2026-02-17 13:45:47,691 [INFO] ── Cycle 7 at 2026-02-17T21:45:47+00:00 ──
2026-02-17 13:45:50,287 [DEBUG] HYPE/USDC: $29.8680 | regime=ACCUMULATION | ATR%=0.58 | TP=1.00% | Dev=2.00%
2026-02-17 13:45:50,287 [INFO] Equity: $10002.73 (0.03%) | Cash: $9600.00 | Deals: 1 active, 0 completed | DD: 0.0%
2026-02-17 13:45:50,292 [DEBUG] Sleeping 900s until next cycle...
2026-02-17 14:00:51,186 [INFO] ── Cycle 8 at 2026-02-17T22:00:51+00:00 ──
2026-02-17 14:00:53,642 [DEBUG] HYPE/USDC: $29.8590 | regime=ACCUMULATION | ATR%=0.56 | TP=1.00% | Dev=2.00%
2026-02-17 14:00:53,642 [INFO] Equity: $10002.61 (0.03%) | Cash: $9600.00 | Deals: 1 active, 0 completed | DD: 0.0%
2026-02-17 14:00:53,646 [DEBUG] Sleeping 900s until next cycle...
2026-02-17 14:03:15,125 [INFO] ============================================================
2026-02-17 14:03:15,125 [INFO] Spot Paper Trader starting
2026-02-17 14:03:15,126 [INFO] Exchange: hyperliquid | Profile: medium | Capital: $10000
2026-02-17 14:03:15,126 [INFO] Symbols: ['HYPE/USDC'] | Timeframe: 15m | Max coins: 3
2026-02-17 14:03:15,126 [INFO] ============================================================
2026-02-17 14:03:15,132 [INFO] Connected to hyperliquid
2026-02-17 14:03:15,149 [INFO] State loaded: cash=$9600.00, 1 active deals, 0 completed
2026-02-17 14:03:16,575 [INFO] ── Cycle 1 at 2026-02-17T22:03:16+00:00 ──
2026-02-17 14:03:25,284 [INFO] 🧠 SENTIMENT HYPE/USDC: score=+65, exit_pressure=35, mode=none, TP×1.00
2026-02-17 14:03:39,321 [DEBUG] HYPE/USDC: $29.8560 | regime=ACCUMULATION | ATR%=0.56 | TP=1.00% | Dev=2.00%
2026-02-17 14:03:39,321 [INFO] Equity: $10002.57 (0.03%) | Cash: $9600.00 | Deals: 1 active, 0 completed | DD: 0.0%
2026-02-17 14:03:39,321 [DEBUG] Sleeping 900s until next cycle...
2026-02-17 14:13:37,227 [INFO] ============================================================
2026-02-17 14:13:37,228 [INFO] Spot Paper Trader starting
2026-02-17 14:13:37,229 [INFO] Exchange: hyperliquid | Profile: medium | Capital: $10000
2026-02-17 14:13:37,229 [INFO] Symbols: ['HYPE/USDC'] | Timeframe: 15m | Max coins: 3
2026-02-17 14:13:37,229 [INFO] ============================================================
2026-02-17 14:13:37,236 [INFO] Connected to hyperliquid
2026-02-17 14:13:37,267 [INFO] State loaded: cash=$9600.00, 1 active deals, 0 completed
2026-02-17 14:13:39,104 [INFO] ── Cycle 1 at 2026-02-17T22:13:39+00:00 ──
2026-02-17 14:13:54,934 [INFO] 🧠 SENTIMENT HYPE/USDC: score=+55, exit_pressure=25, mode=trend_ride, TP×1.32
2026-02-17 14:14:09,482 [DEBUG] HYPE/USDC: Sentiment TP adjust: 1.00% × 1.32 = 1.32%
2026-02-17 14:14:09,482 [DEBUG] HYPE/USDC: $29.8830 | regime=ACCUMULATION | ATR%=0.57 | TP=1.32% | Dev=2.00%
2026-02-17 14:14:09,483 [INFO] Equity: $10002.93 (0.03%) | Cash: $9600.00 | Deals: 1 active, 0 completed | DD: 0.0%
2026-02-17 14:14:09,485 [DEBUG] Sleeping 900s until next cycle...
2026-02-17 14:29:09,859 [INFO] ── Cycle 2 at 2026-02-17T22:29:09+00:00 ──
2026-02-17 14:29:12,873 [DEBUG] HYPE/USDC: Sentiment TP adjust: 1.00% × 1.32 = 1.32%
2026-02-17 14:29:12,873 [DEBUG] HYPE/USDC: $29.8480 | regime=ACCUMULATION | ATR%=0.56 | TP=1.32% | Dev=2.00%
2026-02-17 14:29:12,900 [INFO] Equity: $10002.46 (0.02%) | Cash: $9600.00 | Deals: 1 active, 0 completed | DD: 0.0%
2026-02-17 14:29:12,906 [DEBUG] Sleeping 900s until next cycle...
2026-02-17 14:44:13,750 [INFO] ── Cycle 3 at 2026-02-17T22:44:13+00:00 ──
2026-02-17 14:44:17,025 [DEBUG] HYPE/USDC: Sentiment TP adjust: 1.00% × 1.32 = 1.32%
2026-02-17 14:44:17,025 [DEBUG] HYPE/USDC: $29.6860 | regime=ACCUMULATION | ATR%=0.58 | TP=1.32% | Dev=2.00%
2026-02-17 14:44:17,029 [INFO] Equity: $10000.27 (0.00%) | Cash: $9600.00 | Deals: 1 active, 0 completed | DD: 0.0%
2026-02-17 14:44:17,034 [DEBUG] Sleeping 900s until next cycle...
2026-02-17 14:59:17,729 [INFO] ── Cycle 4 at 2026-02-17T22:59:17+00:00 ──
2026-02-17 14:59:20,354 [DEBUG] HYPE/USDC: Sentiment TP adjust: 1.00% × 1.32 = 1.32%
2026-02-17 14:59:20,354 [DEBUG] HYPE/USDC: $29.5640 | regime=ACCUMULATION | ATR%=0.58 | TP=1.32% | Dev=2.00%
2026-02-17 14:59:20,355 [INFO] Equity: $9998.63 (-0.01%) | Cash: $9600.00 | Deals: 1 active, 0 completed | DD: 0.0%
2026-02-17 14:59:20,358 [DEBUG] Sleeping 900s until next cycle...
2026-02-17 15:14:20,808 [INFO] ── Cycle 5 at 2026-02-17T23:14:20+00:00 ──
2026-02-17 15:14:39,681 [INFO] 🧠 SENTIMENT HYPE/USDC: score=+5, exit_pressure=15, mode=none, TP×1.00
2026-02-17 15:14:41,885 [INFO] 🔄 Regime change for HYPE/USDC: ACCUMULATION → RANGING
2026-02-17 15:14:43,266 [DEBUG] HYPE/USDC: $29.5020 | regime=RANGING | ATR%=0.57 | TP=1.00% | Dev=2.00%
2026-02-17 15:14:43,268 [INFO] Equity: $9997.79 (-0.02%) | Cash: $9600.00 | Deals: 1 active, 0 completed | DD: 0.1%
2026-02-17 15:14:43,272 [DEBUG] Sleeping 900s until next cycle...
2026-02-17 15:29:43,645 [INFO] ── Cycle 6 at 2026-02-17T23:29:43+00:00 ──
2026-02-17 15:29:46,308 [DEBUG] HYPE/USDC: $29.5810 | regime=RANGING | ATR%=0.55 | TP=1.00% | Dev=2.00%
2026-02-17 15:29:46,311 [INFO] Equity: $9998.86 (-0.01%) | Cash: $9600.00 | Deals: 1 active, 0 completed | DD: 0.0%
2026-02-17 15:29:46,313 [DEBUG] Sleeping 900s until next cycle...
2026-02-17 15:44:46,710 [INFO] ── Cycle 7 at 2026-02-17T23:44:46+00:00 ──
2026-02-17 15:44:49,056 [DEBUG] HYPE/USDC: $29.5890 | regime=RANGING | ATR%=0.53 | TP=1.00% | Dev=2.00%
2026-02-17 15:44:49,062 [INFO] Equity: $9998.96 (-0.01%) | Cash: $9600.00 | Deals: 1 active, 0 completed | DD: 0.0%
2026-02-17 15:44:49,065 [DEBUG] Sleeping 900s until next cycle...
2026-02-17 15:59:54,236 [INFO] ── Cycle 8 at 2026-02-17T23:59:54+00:00 ──
2026-02-17 15:59:56,920 [DEBUG] HYPE/USDC: $29.4930 | regime=RANGING | ATR%=0.51 | TP=1.00% | Dev=2.00%
2026-02-17 15:59:56,924 [INFO] Equity: $9997.67 (-0.02%) | Cash: $9600.00 | Deals: 1 active, 0 completed | DD: 0.1%
2026-02-17 15:59:56,927 [DEBUG] Sleeping 900s until next cycle...
2026-02-17 16:14:57,349 [INFO] ── Cycle 9 at 2026-02-18T00:14:57+00:00 ──
2026-02-17 16:15:23,102 [INFO] 🧠 SENTIMENT HYPE/USDC: score=+15, exit_pressure=25, mode=none, TP×1.00
2026-02-17 16:15:25,839 [INFO] 🔄 Regime change for HYPE/USDC: RANGING → ACCUMULATION
2026-02-17 16:15:27,054 [DEBUG] HYPE/USDC: $29.4180 | regime=ACCUMULATION | ATR%=0.47 | TP=1.00% | Dev=2.00%
2026-02-17 16:15:27,056 [INFO] Equity: $9996.66 (-0.03%) | Cash: $9600.00 | Deals: 1 active, 0 completed | DD: 0.1%
2026-02-17 16:15:27,057 [DEBUG] Sleeping 900s until next cycle...
2026-02-17 16:30:27,397 [INFO] ── Cycle 10 at 2026-02-18T00:30:27+00:00 ──
2026-02-17 16:30:32,309 [DEBUG] HYPE/USDC: $29.3100 | regime=ACCUMULATION | ATR%=0.47 | TP=1.00% | Dev=2.00%
2026-02-17 16:30:32,314 [INFO] Equity: $9995.20 (-0.05%) | Cash: $9600.00 | Deals: 1 active, 0 completed | DD: 0.1%
2026-02-17 16:30:32,315 [DEBUG] Sleeping 900s until next cycle...
2026-02-17 16:45:32,733 [INFO] ── Cycle 11 at 2026-02-18T00:45:32+00:00 ──
2026-02-17 16:45:35,306 [INFO] 🔄 Regime change for HYPE/USDC: ACCUMULATION → RANGING
2026-02-17 16:45:36,494 [DEBUG] HYPE/USDC: $29.2880 | regime=RANGING | ATR%=0.46 | TP=1.00% | Dev=2.00%
2026-02-17 16:45:36,497 [INFO] Equity: $9994.91 (-0.05%) | Cash: $9600.00 | Deals: 1 active, 0 completed | DD: 0.1%
2026-02-17 16:45:36,499 [DEBUG] Sleeping 900s until next cycle...
2026-02-17 17:00:36,864 [INFO] ── Cycle 12 at 2026-02-18T01:00:36+00:00 ──
2026-02-17 17:00:39,827 [DEBUG] HYPE/USDC: $29.1230 | regime=RANGING | ATR%=0.47 | TP=1.00% | Dev=2.00%
2026-02-17 17:00:39,829 [INFO] Equity: $9992.68 (-0.07%) | Cash: $9600.00 | Deals: 1 active, 0 completed | DD: 0.1%
2026-02-17 17:00:39,831 [DEBUG] Sleeping 900s until next cycle...
2026-02-17 17:15:40,202 [INFO] ── Cycle 13 at 2026-02-18T01:15:40+00:00 ──
2026-02-17 17:15:54,478 [INFO] 🧠 SENTIMENT HYPE/USDC: score=+65, exit_pressure=15, mode=trend_ride, TP×1.38
2026-02-17 17:15:56,780 [DEBUG] HYPE/USDC: Sentiment TP adjust: 1.00% × 1.38 = 1.38%
2026-02-17 17:15:56,780 [DEBUG] HYPE/USDC: $29.0320 | regime=RANGING | ATR%=0.47 | TP=1.38% | Dev=2.06%
2026-02-17 17:15:56,781 [INFO] Equity: $9991.45 (-0.09%) | Cash: $9600.00 | Deals: 1 active, 0 completed | DD: 0.1%
2026-02-17 17:15:56,781 [DEBUG] Sleeping 900s until next cycle...
2026-02-17 17:30:57,126 [INFO] ── Cycle 14 at 2026-02-18T01:30:57+00:00 ──
2026-02-17 17:30:59,660 [INFO] 🔄 Regime change for HYPE/USDC: RANGING → MILD_TREND
2026-02-17 17:31:00,836 [DEBUG] HYPE/USDC: Sentiment TP adjust: 1.00% × 1.38 = 1.38%
2026-02-17 17:31:00,837 [DEBUG] HYPE/USDC: $28.9910 | regime=MILD_TREND | ATR%=0.48 | TP=1.38% | Dev=2.06%
2026-02-17 17:31:00,839 [INFO] Equity: $9990.90 (-0.09%) | Cash: $9600.00 | Deals: 1 active, 0 completed | DD: 0.1%
2026-02-17 17:31:00,842 [DEBUG] Sleeping 900s until next cycle...
2026-02-17 17:46:02,441 [INFO] ── Cycle 15 at 2026-02-18T01:46:02+00:00 ──
2026-02-17 17:46:05,340 [DEBUG] HYPE/USDC: Sentiment TP adjust: 1.03% × 1.38 = 1.42%
2026-02-17 17:46:05,341 [DEBUG] HYPE/USDC: $29.0660 | regime=MILD_TREND | ATR%=0.52 | TP=1.42% | Dev=2.13%
2026-02-17 17:46:05,344 [INFO] Equity: $9991.91 (-0.08%) | Cash: $9600.00 | Deals: 1 active, 0 completed | DD: 0.1%
2026-02-17 17:46:05,348 [DEBUG] Sleeping 900s until next cycle...
2026-02-17 18:01:05,765 [INFO] ── Cycle 16 at 2026-02-18T02:01:05+00:00 ──
2026-02-17 18:01:08,243 [DEBUG] HYPE/USDC: Sentiment TP adjust: 1.00% × 1.38 = 1.38%
2026-02-17 18:01:08,243 [DEBUG] HYPE/USDC: $29.0780 | regime=MILD_TREND | ATR%=0.49 | TP=1.38% | Dev=2.06%
2026-02-17 18:01:08,247 [INFO] Equity: $9992.07 (-0.08%) | Cash: $9600.00 | Deals: 1 active, 0 completed | DD: 0.1%
2026-02-17 18:01:08,247 [DEBUG] Sleeping 900s until next cycle...
2026-02-17 18:16:08,641 [INFO] ── Cycle 17 at 2026-02-18T02:16:08+00:00 ──
2026-02-17 18:16:25,920 [INFO] 🧠 SENTIMENT HYPE/USDC: score=+55, exit_pressure=15, mode=trend_ride, TP×1.27
2026-02-17 18:16:28,832 [INFO] 🔄 Regime change for HYPE/USDC: MILD_TREND → TRENDING
2026-02-17 18:16:30,131 [DEBUG] HYPE/USDC: Sentiment TP adjust: 1.09% × 1.27 = 1.39%
2026-02-17 18:16:30,131 [DEBUG] HYPE/USDC: $29.0740 | regime=TRENDING | ATR%=0.49 | TP=1.39% | Dev=2.09%
2026-02-17 18:16:30,138 [INFO] Equity: $9992.02 (-0.08%) | Cash: $9600.00 | Deals: 1 active, 0 completed | DD: 0.1%
2026-02-17 18:16:30,140 [DEBUG] Sleeping 900s until next cycle...
2026-02-17 18:31:30,641 [INFO] ── Cycle 18 at 2026-02-18T02:31:30+00:00 ──
2026-02-17 18:31:34,267 [DEBUG] HYPE/USDC: Sentiment TP adjust: 1.06% × 1.27 = 1.35%
2026-02-17 18:31:34,267 [DEBUG] HYPE/USDC: $29.0760 | regime=TRENDING | ATR%=0.47 | TP=1.35% | Dev=2.02%
2026-02-17 18:31:34,282 [INFO] Equity: $9992.05 (-0.08%) | Cash: $9600.00 | Deals: 1 active, 0 completed | DD: 0.1%
2026-02-17 18:31:34,284 [DEBUG] Sleeping 900s until next cycle...
2026-02-17 18:46:34,799 [INFO] ── Cycle 19 at 2026-02-18T02:46:34+00:00 ──
2026-02-17 18:46:37,386 [DEBUG] HYPE/USDC: Sentiment TP adjust: 1.06% × 1.27 = 1.35%
2026-02-17 18:46:37,386 [DEBUG] HYPE/USDC: $29.1870 | regime=TRENDING | ATR%=0.47 | TP=1.35% | Dev=2.02%
2026-02-17 18:46:37,398 [INFO] Equity: $9993.54 (-0.06%) | Cash: $9600.00 | Deals: 1 active, 0 completed | DD: 0.1%
2026-02-17 18:46:37,399 [DEBUG] Sleeping 900s until next cycle...
2026-02-17 19:01:37,988 [INFO] ── Cycle 20 at 2026-02-18T03:01:37+00:00 ──
2026-02-17 19:01:40,975 [DEBUG] HYPE/USDC: Sentiment TP adjust: 1.05% × 1.27 = 1.34%
2026-02-17 19:01:40,976 [DEBUG] HYPE/USDC: $29.1860 | regime=TRENDING | ATR%=0.47 | TP=1.34% | Dev=2.01%
2026-02-17 19:01:40,981 [INFO] Equity: $9993.53 (-0.06%) | Cash: $9600.00 | Deals: 1 active, 0 completed | DD: 0.1%
2026-02-17 19:01:40,983 [DEBUG] Sleeping 900s until next cycle...
2026-02-17 19:16:41,375 [INFO] ── Cycle 21 at 2026-02-18T03:16:41+00:00 ──
2026-02-17 19:17:00,009 [INFO] 🧠 SENTIMENT HYPE/USDC: score=+15, exit_pressure=20, mode=none, TP×1.00
2026-02-17 19:17:02,760 [INFO] 🔄 Regime change for HYPE/USDC: TRENDING → ACCUMULATION
2026-02-17 19:17:03,995 [DEBUG] HYPE/USDC: $29.2360 | regime=ACCUMULATION | ATR%=0.46 | TP=1.00% | Dev=2.00%
2026-02-17 19:17:03,996 [INFO] Equity: $9994.21 (-0.06%) | Cash: $9600.00 | Deals: 1 active, 0 completed | DD: 0.1%
2026-02-17 19:17:03,998 [DEBUG] Sleeping 900s until next cycle...
2026-02-17 19:32:04,385 [INFO] ── Cycle 22 at 2026-02-18T03:32:04+00:00 ──
2026-02-17 19:32:06,853 [DEBUG] HYPE/USDC: $29.3320 | regime=ACCUMULATION | ATR%=0.46 | TP=1.00% | Dev=2.00%
2026-02-17 19:32:06,855 [INFO] Equity: $9995.50 (-0.05%) | Cash: $9600.00 | Deals: 1 active, 0 completed | DD: 0.1%
2026-02-17 19:32:06,857 [DEBUG] Sleeping 900s until next cycle...
2026-02-17 19:47:07,258 [INFO] ── Cycle 23 at 2026-02-18T03:47:07+00:00 ──
2026-02-17 19:47:09,950 [DEBUG] HYPE/USDC: $29.3520 | regime=ACCUMULATION | ATR%=0.44 | TP=1.00% | Dev=2.00%
2026-02-17 19:47:09,953 [INFO] Equity: $9995.77 (-0.04%) | Cash: $9600.00 | Deals: 1 active, 0 completed | DD: 0.1%
2026-02-17 19:47:09,954 [DEBUG] Sleeping 900s until next cycle...
2026-02-17 20:02:10,320 [INFO] ── Cycle 24 at 2026-02-18T04:02:10+00:00 ──
2026-02-17 20:02:13,021 [DEBUG] HYPE/USDC: $29.3140 | regime=ACCUMULATION | ATR%=0.44 | TP=1.00% | Dev=2.00%
2026-02-17 20:02:13,025 [INFO] Equity: $9995.26 (-0.05%) | Cash: $9600.00 | Deals: 1 active, 0 completed | DD: 0.1%
2026-02-17 20:02:13,027 [DEBUG] Sleeping 900s until next cycle...
2026-02-17 20:17:13,430 [INFO] ── Cycle 25 at 2026-02-18T04:17:13+00:00 ──
2026-02-17 20:17:26,511 [INFO] 🧠 SENTIMENT HYPE/USDC: score=+45, exit_pressure=25, mode=none, TP×1.00
2026-02-17 20:17:28,831 [DEBUG] HYPE/USDC: $29.3380 | regime=ACCUMULATION | ATR%=0.41 | TP=1.00% | Dev=2.00%
2026-02-17 20:17:28,832 [INFO] Equity: $9995.58 (-0.04%) | Cash: $9600.00 | Deals: 1 active, 0 completed | DD: 0.1%
2026-02-17 20:17:28,834 [DEBUG] Sleeping 900s until next cycle...
2026-02-17 20:32:29,266 [INFO] ── Cycle 26 at 2026-02-18T04:32:29+00:00 ──
2026-02-17 20:32:31,793 [DEBUG] HYPE/USDC: $29.3300 | regime=ACCUMULATION | ATR%=0.39 | TP=1.00% | Dev=2.00%
2026-02-17 20:32:31,795 [INFO] Equity: $9995.47 (-0.05%) | Cash: $9600.00 | Deals: 1 active, 0 completed | DD: 0.1%
2026-02-17 20:32:31,796 [DEBUG] Sleeping 900s until next cycle...
2026-02-17 20:47:32,202 [INFO] ── Cycle 27 at 2026-02-18T04:47:32+00:00 ──
2026-02-17 20:47:34,395 [DEBUG] HYPE/USDC: $29.2390 | regime=ACCUMULATION | ATR%=0.40 | TP=1.00% | Dev=2.00%
2026-02-17 20:47:34,398 [INFO] Equity: $9994.25 (-0.06%) | Cash: $9600.00 | Deals: 1 active, 0 completed | DD: 0.1%
2026-02-17 20:47:34,399 [DEBUG] Sleeping 900s until next cycle...
2026-02-17 21:02:34,780 [INFO] ── Cycle 28 at 2026-02-18T05:02:34+00:00 ──
2026-02-17 21:02:37,172 [DEBUG] HYPE/USDC: $29.3550 | regime=ACCUMULATION | ATR%=0.37 | TP=1.00% | Dev=2.00%
2026-02-17 21:02:37,174 [INFO] Equity: $9995.81 (-0.04%) | Cash: $9600.00 | Deals: 1 active, 0 completed | DD: 0.1%
2026-02-17 21:02:37,177 [DEBUG] Sleeping 900s until next cycle...
2026-02-17 21:17:37,597 [INFO] ── Cycle 29 at 2026-02-18T05:17:37+00:00 ──
2026-02-17 21:17:57,938 [INFO] 🧠 SENTIMENT HYPE/USDC: score=+55, exit_pressure=25, mode=trend_ride, TP×1.38
2026-02-17 21:18:00,542 [DEBUG] HYPE/USDC: Sentiment TP adjust: 1.00% × 1.38 = 1.38%
2026-02-17 21:18:00,542 [DEBUG] HYPE/USDC: $29.3370 | regime=ACCUMULATION | ATR%=0.36 | TP=1.38% | Dev=2.06%
2026-02-17 21:18:00,544 [INFO] Equity: $9995.57 (-0.04%) | Cash: $9600.00 | Deals: 1 active, 0 completed | DD: 0.1%
2026-02-17 21:18:00,545 [DEBUG] Sleeping 900s until next cycle...
2026-02-17 21:33:00,939 [INFO] ── Cycle 30 at 2026-02-18T05:33:00+00:00 ──
2026-02-17 21:33:03,587 [DEBUG] HYPE/USDC: Sentiment TP adjust: 1.00% × 1.38 = 1.38%
2026-02-17 21:33:03,588 [DEBUG] HYPE/USDC: $29.3020 | regime=ACCUMULATION | ATR%=0.36 | TP=1.38% | Dev=2.06%
2026-02-17 21:33:03,590 [INFO] Equity: $9995.10 (-0.05%) | Cash: $9600.00 | Deals: 1 active, 0 completed | DD: 0.1%
2026-02-17 21:33:03,591 [DEBUG] Sleeping 900s until next cycle...
2026-02-17 21:48:03,999 [INFO] ── Cycle 31 at 2026-02-18T05:48:03+00:00 ──
2026-02-17 21:48:06,324 [DEBUG] HYPE/USDC: Sentiment TP adjust: 1.00% × 1.38 = 1.38%
2026-02-17 21:48:06,324 [DEBUG] HYPE/USDC: $29.3870 | regime=ACCUMULATION | ATR%=0.37 | TP=1.38% | Dev=2.06%
2026-02-17 21:48:06,327 [INFO] Equity: $9996.24 (-0.04%) | Cash: $9600.00 | Deals: 1 active, 0 completed | DD: 0.1%
2026-02-17 21:48:06,328 [DEBUG] Sleeping 900s until next cycle...
2026-02-17 22:03:06,709 [INFO] ── Cycle 32 at 2026-02-18T06:03:06+00:00 ──
2026-02-17 22:03:09,436 [DEBUG] HYPE/USDC: Sentiment TP adjust: 1.00% × 1.38 = 1.38%
2026-02-17 22:03:09,437 [DEBUG] HYPE/USDC: $29.3450 | regime=ACCUMULATION | ATR%=0.34 | TP=1.38% | Dev=2.06%
2026-02-17 22:03:09,439 [INFO] Equity: $9995.67 (-0.04%) | Cash: $9600.00 | Deals: 1 active, 0 completed | DD: 0.1%
2026-02-17 22:03:09,441 [DEBUG] Sleeping 900s until next cycle...
2026-02-17 22:18:09,817 [INFO] ── Cycle 33 at 2026-02-18T06:18:09+00:00 ──
2026-02-17 22:18:24,714 [INFO] 🧠 SENTIMENT HYPE/USDC: score=+0, exit_pressure=10, mode=none, TP×1.00
2026-02-17 22:18:27,162 [DEBUG] HYPE/USDC: $29.3780 | regime=ACCUMULATION | ATR%=0.37 | TP=1.00% | Dev=2.00%
2026-02-17 22:18:27,163 [INFO] Equity: $9996.12 (-0.04%) | Cash: $9600.00 | Deals: 1 active, 0 completed | DD: 0.1%
2026-02-17 22:18:27,164 [DEBUG] Sleeping 900s until next cycle...
2026-02-17 22:33:27,569 [INFO] ── Cycle 34 at 2026-02-18T06:33:27+00:00 ──
2026-02-17 22:33:30,068 [DEBUG] HYPE/USDC: $29.4210 | regime=ACCUMULATION | ATR%=0.36 | TP=1.00% | Dev=2.00%
2026-02-17 22:33:30,070 [INFO] Equity: $9996.70 (-0.03%) | Cash: $9600.00 | Deals: 1 active, 0 completed | DD: 0.1%
2026-02-17 22:33:30,072 [DEBUG] Sleeping 900s until next cycle...
2026-02-17 22:48:30,489 [INFO] ── Cycle 35 at 2026-02-18T06:48:30+00:00 ──
2026-02-17 22:48:32,920 [DEBUG] HYPE/USDC: $29.4580 | regime=ACCUMULATION | ATR%=0.35 | TP=1.00% | Dev=2.00%
2026-02-17 22:48:32,922 [INFO] Equity: $9997.20 (-0.03%) | Cash: $9600.00 | Deals: 1 active, 0 completed | DD: 0.1%
2026-02-17 22:48:32,923 [DEBUG] Sleeping 900s until next cycle...
2026-02-17 23:03:33,309 [INFO] ── Cycle 36 at 2026-02-18T07:03:33+00:00 ──
2026-02-17 23:03:36,157 [INFO] 🔄 Regime change for HYPE/USDC: ACCUMULATION → RANGING
2026-02-17 23:03:37,369 [DEBUG] HYPE/USDC: $29.4770 | regime=RANGING | ATR%=0.35 | TP=1.00% | Dev=2.00%
2026-02-17 23:03:37,371 [INFO] Equity: $9997.45 (-0.03%) | Cash: $9600.00 | Deals: 1 active, 0 completed | DD: 0.1%
2026-02-17 23:03:37,372 [DEBUG] Sleeping 900s until next cycle...
2026-02-17 23:18:37,754 [INFO] ── Cycle 37 at 2026-02-18T07:18:37+00:00 ──
2026-02-17 23:19:02,304 [INFO] 🧠 SENTIMENT HYPE/USDC: score=-15, exit_pressure=50, mode=none, TP×1.00
2026-02-17 23:19:04,740 [INFO] 🔄 Regime change for HYPE/USDC: RANGING → ACCUMULATION
2026-02-17 23:19:05,887 [DEBUG] HYPE/USDC: $29.4840 | regime=ACCUMULATION | ATR%=0.33 | TP=1.00% | Dev=2.00%
2026-02-17 23:19:05,890 [INFO] Equity: $9997.55 (-0.02%) | Cash: $9600.00 | Deals: 1 active, 0 completed | DD: 0.1%
2026-02-17 23:19:05,891 [DEBUG] Sleeping 900s until next cycle...
2026-02-17 23:34:06,258 [INFO] ── Cycle 38 at 2026-02-18T07:34:06+00:00 ──
2026-02-17 23:34:08,766 [INFO] 🔄 Regime change for HYPE/USDC: ACCUMULATION → BREAKOUT_WARNING
2026-02-17 23:34:10,023 [DEBUG] HYPE/USDC: $29.4370 | regime=BREAKOUT_WARNING | ATR%=0.32 | TP=1.00% | Dev=2.00%
2026-02-17 23:34:10,025 [INFO] Equity: $9996.92 (-0.03%) | Cash: $9600.00 | Deals: 1 active, 0 completed | DD: 0.1%
2026-02-17 23:34:10,027 [DEBUG] Sleeping 900s until next cycle...
2026-02-17 23:49:10,423 [INFO] ── Cycle 39 at 2026-02-18T07:49:10+00:00 ──
2026-02-17 23:49:12,625 [DEBUG] HYPE/USDC: $29.6660 | regime=BREAKOUT_WARNING | ATR%=0.35 | TP=1.00% | Dev=2.00%
2026-02-17 23:49:12,627 [INFO] Equity: $10000.00 (0.00%) | Cash: $9600.00 | Deals: 1 active, 0 completed | DD: 0.0%
2026-02-17 23:49:12,628 [DEBUG] Sleeping 900s until next cycle...
2026-02-18 00:04:13,012 [INFO] ── Cycle 40 at 2026-02-18T08:04:13+00:00 ──
2026-02-18 00:04:15,869 [DEBUG] HYPE/USDC: $29.5470 | regime=BREAKOUT_WARNING | ATR%=0.38 | TP=1.00% | Dev=2.00%
2026-02-18 00:04:15,872 [INFO] Equity: $9998.40 (-0.02%) | Cash: $9600.00 | Deals: 1 active, 0 completed | DD: 0.0%
2026-02-18 00:04:15,873 [DEBUG] Sleeping 900s until next cycle...
2026-02-18 00:19:16,238 [INFO] ── Cycle 41 at 2026-02-18T08:19:16+00:00 ──
2026-02-18 00:19:38,421 [INFO] 🧠 SENTIMENT HYPE/USDC: score=+10, exit_pressure=15, mode=none, TP×1.00
2026-02-18 00:19:40,794 [DEBUG] HYPE/USDC: $29.7070 | regime=BREAKOUT_WARNING | ATR%=0.39 | TP=1.00% | Dev=2.00%
2026-02-18 00:19:40,795 [INFO] Equity: $10000.56 (0.01%) | Cash: $9600.00 | Deals: 1 active, 0 completed | DD: 0.0%
2026-02-18 00:19:40,797 [DEBUG] Sleeping 900s until next cycle...
2026-02-18 00:34:41,201 [INFO] ── Cycle 42 at 2026-02-18T08:34:41+00:00 ──
2026-02-18 00:34:43,720 [INFO] 🔄 Regime change for HYPE/USDC: BREAKOUT_WARNING → MILD_TREND
2026-02-18 00:34:44,917 [DEBUG] HYPE/USDC: $29.6590 | regime=MILD_TREND | ATR%=0.38 | TP=1.00% | Dev=2.00%
2026-02-18 00:34:44,922 [INFO] Equity: $9999.91 (-0.00%) | Cash: $9600.00 | Deals: 1 active, 0 completed | DD: 0.0%
2026-02-18 00:34:44,923 [DEBUG] Sleeping 900s until next cycle...
2026-02-18 00:49:45,315 [INFO] ── Cycle 43 at 2026-02-18T08:49:45+00:00 ──
2026-02-18 00:49:48,023 [DEBUG] HYPE/USDC: $29.6750 | regime=MILD_TREND | ATR%=0.39 | TP=1.00% | Dev=2.00%
2026-02-18 00:49:48,025 [INFO] Equity: $10000.12 (0.00%) | Cash: $9600.00 | Deals: 1 active, 0 completed | DD: 0.0%
2026-02-18 00:49:48,026 [DEBUG] Sleeping 900s until next cycle...
2026-02-18 01:04:48,456 [INFO] ── Cycle 44 at 2026-02-18T09:04:48+00:00 ──
2026-02-18 01:04:51,473 [DEBUG] HYPE/USDC: $29.4570 | regime=MILD_TREND | ATR%=0.43 | TP=1.00% | Dev=2.00%
2026-02-18 01:04:51,476 [INFO] Equity: $9997.19 (-0.03%) | Cash: $9600.00 | Deals: 1 active, 0 completed | DD: 0.1%
2026-02-18 01:04:51,477 [DEBUG] Sleeping 900s until next cycle...
2026-02-18 01:19:51,830 [INFO] ── Cycle 45 at 2026-02-18T09:19:51+00:00 ──
2026-02-18 01:20:06,745 [INFO] 🧠 SENTIMENT HYPE/USDC: score=+25, exit_pressure=15, mode=none, TP×1.00
2026-02-18 01:20:09,514 [DEBUG] HYPE/USDC: $29.5620 | regime=MILD_TREND | ATR%=0.45 | TP=1.00% | Dev=2.00%
2026-02-18 01:20:09,516 [INFO] Equity: $9998.60 (-0.01%) | Cash: $9600.00 | Deals: 1 active, 0 completed | DD: 0.0%
2026-02-18 01:20:09,517 [DEBUG] Sleeping 900s until next cycle...
2026-02-18 01:35:09,916 [INFO] ── Cycle 46 at 2026-02-18T09:35:09+00:00 ──
2026-02-18 01:35:12,478 [INFO] 🔄 Regime change for HYPE/USDC: MILD_TREND → RANGING
2026-02-18 01:35:13,592 [DEBUG] HYPE/USDC: $29.4630 | regime=RANGING | ATR%=0.45 | TP=1.00% | Dev=2.00%
2026-02-18 01:35:13,594 [INFO] Equity: $9997.27 (-0.03%) | Cash: $9600.00 | Deals: 1 active, 0 completed | DD: 0.1%
2026-02-18 01:35:13,596 [DEBUG] Sleeping 900s until next cycle...
2026-02-18 01:50:13,990 [INFO] ── Cycle 47 at 2026-02-18T09:50:13+00:00 ──
2026-02-18 01:50:16,514 [DEBUG] HYPE/USDC: $29.4130 | regime=RANGING | ATR%=0.44 | TP=1.00% | Dev=2.00%
2026-02-18 01:50:16,517 [INFO] Equity: $9996.59 (-0.03%) | Cash: $9600.00 | Deals: 1 active, 0 completed | DD: 0.1%
2026-02-18 01:50:16,519 [DEBUG] Sleeping 900s until next cycle...
2026-02-18 02:05:16,879 [INFO] ── Cycle 48 at 2026-02-18T10:05:16+00:00 ──
2026-02-18 02:05:19,960 [DEBUG] HYPE/USDC: $29.3570 | regime=RANGING | ATR%=0.44 | TP=1.00% | Dev=2.00%
2026-02-18 02:05:19,962 [INFO] Equity: $9995.84 (-0.04%) | Cash: $9600.00 | Deals: 1 active, 0 completed | DD: 0.1%
2026-02-18 02:05:19,965 [DEBUG] Sleeping 900s until next cycle...
2026-02-18 02:20:20,341 [INFO] ── Cycle 49 at 2026-02-18T10:20:20+00:00 ──
2026-02-18 02:20:49,458 [INFO] 🧠 SENTIMENT HYPE/USDC: score=+25, exit_pressure=25, mode=none, TP×1.00
2026-02-18 02:20:52,060 [DEBUG] HYPE/USDC: $29.2480 | regime=RANGING | ATR%=0.50 | TP=1.00% | Dev=2.00%
2026-02-18 02:20:52,061 [INFO] Equity: $9994.37 (-0.06%) | Cash: $9600.00 | Deals: 1 active, 0 completed | DD: 0.1%
2026-02-18 02:20:52,062 [DEBUG] Sleeping 900s until next cycle...
2026-02-18 02:35:52,440 [INFO] ── Cycle 50 at 2026-02-18T10:35:52+00:00 ──
2026-02-18 02:35:54,850 [INFO] 🔄 Regime change for HYPE/USDC: RANGING → ACCUMULATION
2026-02-18 02:35:56,040 [DEBUG] HYPE/USDC: $29.1270 | regime=ACCUMULATION | ATR%=0.52 | TP=1.00% | Dev=2.00%
2026-02-18 02:35:56,042 [INFO] Equity: $9992.74 (-0.07%) | Cash: $9600.00 | Deals: 1 active, 0 completed | DD: 0.1%
2026-02-18 02:35:56,043 [DEBUG] Sleeping 900s until next cycle...
2026-02-18 02:50:56,461 [INFO] ── Cycle 51 at 2026-02-18T10:50:56+00:00 ──
2026-02-18 02:50:58,818 [INFO] 🔄 Regime change for HYPE/USDC: ACCUMULATION → RANGING
2026-02-18 02:51:00,088 [DEBUG] HYPE/USDC: $29.0280 | regime=RANGING | ATR%=0.56 | TP=1.00% | Dev=2.00%
2026-02-18 02:51:00,092 [INFO] Equity: $9991.40 (-0.09%) | Cash: $9600.00 | Deals: 1 active, 0 completed | DD: 0.1%
2026-02-18 02:51:00,093 [DEBUG] Sleeping 900s until next cycle...
2026-02-18 03:06:00,491 [INFO] ── Cycle 52 at 2026-02-18T11:06:00+00:00 ──
2026-02-18 03:06:03,205 [INFO] 🔄 Regime change for HYPE/USDC: RANGING → MILD_TREND
2026-02-18 03:06:04,360 [DEBUG] HYPE/USDC: $29.0960 | regime=MILD_TREND | ATR%=0.53 | TP=1.04% | Dev=2.00%
2026-02-18 03:06:04,362 [INFO] Equity: $9992.32 (-0.08%) | Cash: $9600.00 | Deals: 1 active, 0 completed | DD: 0.1%
2026-02-18 03:06:04,367 [DEBUG] Sleeping 900s until next cycle...
2026-02-18 03:21:04,799 [INFO] ── Cycle 53 at 2026-02-18T11:21:04+00:00 ──
2026-02-18 03:21:28,739 [INFO] 🧠 SENTIMENT HYPE/USDC: score=-5, exit_pressure=15, mode=none, TP×1.00
2026-02-18 03:21:31,673 [DEBUG] HYPE/USDC: $28.9900 | regime=MILD_TREND | ATR%=0.58 | TP=1.14% | Dev=2.00%
2026-02-18 03:21:31,674 [INFO] Equity: $9990.89 (-0.09%) | Cash: $9600.00 | Deals: 1 active, 0 completed | DD: 0.1%
2026-02-18 03:21:31,675 [DEBUG] Sleeping 900s until next cycle...
2026-02-18 03:36:32,035 [INFO] ── Cycle 54 at 2026-02-18T11:36:32+00:00 ──
2026-02-18 03:36:34,699 [DEBUG] HYPE/USDC: $29.0090 | regime=MILD_TREND | ATR%=0.56 | TP=1.10% | Dev=2.00%
2026-02-18 03:36:34,702 [INFO] Equity: $9991.14 (-0.09%) | Cash: $9600.00 | Deals: 1 active, 0 completed | DD: 0.1%
2026-02-18 03:36:34,703 [DEBUG] Sleeping 900s until next cycle...
2026-02-18 03:51:35,068 [INFO] ── Cycle 55 at 2026-02-18T11:51:35+00:00 ──
2026-02-18 03:51:37,573 [DEBUG] HYPE/USDC: $28.9440 | regime=MILD_TREND | ATR%=0.54 | TP=1.07% | Dev=2.00%
2026-02-18 03:51:37,576 [INFO] Equity: $9990.27 (-0.10%) | Cash: $9600.00 | Deals: 1 active, 0 completed | DD: 0.1%
2026-02-18 03:51:37,577 [DEBUG] Sleeping 900s until next cycle...
2026-02-18 04:06:37,964 [INFO] ── Cycle 56 at 2026-02-18T12:06:37+00:00 ──
2026-02-18 04:06:40,588 [DEBUG] HYPE/USDC: $29.0340 | regime=MILD_TREND | ATR%=0.57 | TP=1.11% | Dev=2.00%
2026-02-18 04:06:40,591 [INFO] Equity: $9991.48 (-0.09%) | Cash: $9600.00 | Deals: 1 active, 0 completed | DD: 0.1%
2026-02-18 04:06:40,593 [DEBUG] Sleeping 900s until next cycle...
2026-02-18 04:21:40,963 [INFO] ── Cycle 57 at 2026-02-18T12:21:40+00:00 ──
2026-02-18 04:22:11,728 [INFO] 🧠 SENTIMENT HYPE/USDC: score=+65, exit_pressure=15, mode=trend_ride, TP×1.38
2026-02-18 04:22:14,129 [DEBUG] HYPE/USDC: Sentiment TP adjust: 1.07% × 1.38 = 1.48%
2026-02-18 04:22:14,129 [DEBUG] HYPE/USDC: $29.0810 | regime=MILD_TREND | ATR%=0.55 | TP=1.48% | Dev=2.22%
2026-02-18 04:22:14,132 [INFO] Equity: $9992.12 (-0.08%) | Cash: $9600.00 | Deals: 1 active, 0 completed | DD: 0.1%
2026-02-18 04:22:14,133 [DEBUG] Sleeping 900s until next cycle...
2026-02-18 04:37:15,911 [INFO] ── Cycle 58 at 2026-02-18T12:37:15+00:00 ──
2026-02-18 04:37:19,386 [INFO] 🔄 Regime change for HYPE/USDC: MILD_TREND → TRENDING
2026-02-18 04:37:20,756 [DEBUG] HYPE/USDC: Sentiment TP adjust: 1.24% × 1.38 = 1.70%
2026-02-18 04:37:20,756 [DEBUG] HYPE/USDC: $29.0140 | regime=TRENDING | ATR%=0.55 | TP=1.70% | Dev=2.55%
2026-02-18 04:37:20,763 [INFO] Equity: $9991.21 (-0.09%) | Cash: $9600.00 | Deals: 1 active, 0 completed | DD: 0.1%
2026-02-18 04:37:20,765 [DEBUG] Sleeping 900s until next cycle...
2026-02-18 04:52:21,424 [INFO] ── Cycle 59 at 2026-02-18T12:52:21+00:00 ──
2026-02-18 04:52:24,101 [INFO] 🔄 Regime change for HYPE/USDC: TRENDING → ACCUMULATION
2026-02-18 04:52:25,369 [DEBUG] HYPE/USDC: Sentiment TP adjust: 1.00% × 1.38 = 1.38%
2026-02-18 04:52:25,370 [DEBUG] HYPE/USDC: $29.1630 | regime=ACCUMULATION | ATR%=0.55 | TP=1.38% | Dev=2.06%
2026-02-18 04:52:25,374 [INFO] Equity: $9993.22 (-0.07%) | Cash: $9600.00 | Deals: 1 active, 0 completed | DD: 0.1%
2026-02-18 04:52:25,375 [DEBUG] Sleeping 900s until next cycle...
2026-02-18 05:07:26,122 [INFO] ── Cycle 60 at 2026-02-18T13:07:26+00:00 ──
2026-02-18 05:07:28,602 [INFO] 🔄 Regime change for HYPE/USDC: ACCUMULATION → TRENDING
2026-02-18 05:07:29,752 [DEBUG] HYPE/USDC: Sentiment TP adjust: 1.31% × 1.38 = 1.80%
2026-02-18 05:07:29,752 [DEBUG] HYPE/USDC: $29.0500 | regime=TRENDING | ATR%=0.58 | TP=1.80% | Dev=2.70%
2026-02-18 05:07:29,752 [INFO] Equity: $9991.70 (-0.08%) | Cash: $9600.00 | Deals: 1 active, 0 completed | DD: 0.1%
2026-02-18 05:07:29,752 [DEBUG] Sleeping 900s until next cycle...
2026-02-18 05:22:30,205 [INFO] ── Cycle 61 at 2026-02-18T13:22:30+00:00 ──
2026-02-18 05:22:58,920 [INFO] 🧠 SENTIMENT HYPE/USDC: score=+65, exit_pressure=25, mode=trend_ride, TP×1.38
2026-02-18 05:23:01,558 [DEBUG] HYPE/USDC: Sentiment TP adjust: 1.33% × 1.38 = 1.82%
2026-02-18 05:23:01,558 [DEBUG] HYPE/USDC: $28.9710 | regime=TRENDING | ATR%=0.59 | TP=1.82% | Dev=2.73%
2026-02-18 05:23:01,558 [INFO] Equity: $9990.63 (-0.09%) | Cash: $9600.00 | Deals: 1 active, 0 completed | DD: 0.1%
2026-02-18 05:23:01,560 [DEBUG] Sleeping 900s until next cycle...
2026-02-18 05:38:01,970 [INFO] ── Cycle 62 at 2026-02-18T13:38:01+00:00 ──
2026-02-18 05:38:04,665 [INFO] 🔄 Regime change for HYPE/USDC: TRENDING → ACCUMULATION
2026-02-18 05:38:05,851 [DEBUG] HYPE/USDC: Sentiment TP adjust: 1.04% × 1.38 = 1.44%
2026-02-18 05:38:05,852 [DEBUG] HYPE/USDC: $29.2690 | regime=ACCUMULATION | ATR%=0.65 | TP=1.44% | Dev=2.15%
2026-02-18 05:38:05,854 [INFO] Equity: $9994.65 (-0.05%) | Cash: $9600.00 | Deals: 1 active, 0 completed | DD: 0.1%
2026-02-18 05:38:05,857 [DEBUG] Sleeping 900s until next cycle...
2026-02-18 05:53:06,494 [INFO] ── Cycle 63 at 2026-02-18T13:53:06+00:00 ──
2026-02-18 05:53:09,193 [INFO] 🔄 Regime change for HYPE/USDC: ACCUMULATION → TRENDING
2026-02-18 05:53:10,421 [DEBUG] HYPE/USDC: Sentiment TP adjust: 1.53% × 1.38 = 2.11%
2026-02-18 05:53:10,421 [DEBUG] HYPE/USDC: $29.1560 | regime=TRENDING | ATR%=0.68 | TP=2.11% | Dev=3.00%
2026-02-18 05:53:10,427 [INFO] Equity: $9993.13 (-0.07%) | Cash: $9600.00 | Deals: 1 active, 0 completed | DD: 0.1%
2026-02-18 05:53:10,430 [DEBUG] Sleeping 900s until next cycle...
2026-02-18 06:08:10,834 [INFO] ── Cycle 64 at 2026-02-18T14:08:10+00:00 ──
2026-02-18 06:08:13,388 [INFO] 🔄 Regime change for HYPE/USDC: TRENDING → ACCUMULATION
2026-02-18 06:08:14,500 [DEBUG] HYPE/USDC: Sentiment TP adjust: 1.03% × 1.38 = 1.42%
2026-02-18 06:08:14,500 [DEBUG] HYPE/USDC: $29.1830 | regime=ACCUMULATION | ATR%=0.65 | TP=1.42% | Dev=2.13%
2026-02-18 06:08:14,500 [INFO] Equity: $9993.49 (-0.07%) | Cash: $9600.00 | Deals: 1 active, 0 completed | DD: 0.1%
2026-02-18 06:08:14,500 [DEBUG] Sleeping 900s until next cycle...
2026-02-18 06:23:14,871 [INFO] ── Cycle 65 at 2026-02-18T14:23:14+00:00 ──
2026-02-18 06:23:38,642 [INFO] 🧠 SENTIMENT HYPE/USDC: score=+85, exit_pressure=15, mode=trend_ride, TP×1.45
2026-02-18 06:23:40,918 [INFO] 🔄 Regime change for HYPE/USDC: ACCUMULATION → TRENDING
2026-02-18 06:23:42,037 [DEBUG] HYPE/USDC: Sentiment TP adjust: 1.51% × 1.45 = 2.19%
2026-02-18 06:23:42,037 [DEBUG] HYPE/USDC: $29.0310 | regime=TRENDING | ATR%=0.67 | TP=2.19% | Dev=3.00%
2026-02-18 06:23:42,039 [INFO] Equity: $9991.44 (-0.09%) | Cash: $9600.00 | Deals: 1 active, 0 completed | DD: 0.1%
2026-02-18 06:23:42,040 [DEBUG] Sleeping 900s until next cycle...
2026-02-18 06:30:48,026 [INFO] ============================================================
2026-02-18 06:30:48,028 [INFO] Spot Paper Trader starting
2026-02-18 06:30:48,028 [INFO] Exchange: hyperliquid | Profile: medium | Capital: $10000
2026-02-18 06:30:48,028 [INFO] Symbols: ['HYPE/USDC'] | Timeframe: 15m | Max coins: 3
2026-02-18 06:30:48,028 [INFO] ============================================================
2026-02-18 06:30:48,062 [INFO] Connected to hyperliquid
2026-02-18 06:30:48,090 [INFO] State loaded: cash=$9600.00, 1 active deals, 0 completed
2026-02-18 06:30:49,855 [INFO] ── Cycle 1 at 2026-02-18T14:30:49+00:00 ──
2026-02-18 06:31:15,363 [INFO] 🧠 SENTIMENT HYPE/USDC: score=+25, exit_pressure=15, mode=none, TP×1.00
2026-02-18 06:31:35,245 [INFO] 📊 Macro refresh: F&G=8
2026-02-18 06:31:54,549 [INFO] 🧠 HYPE/USDC CONVICTION: 53 [moderate] F&G=8 | TP=1.86% Dev=3.10% SO×1.11 MaxSO+0
2026-02-18 06:31:54,601 [DEBUG] HYPE/USDC: $28.9680 | regime=TRENDING | ATR%=0.66 | TP=1.86% | Dev=3.10%
2026-02-18 06:31:54,607 [INFO] Equity: $9990.59 (-0.09%) | Cash: $9600.00 | Deals: 1 active, 0 completed | DD: 0.1%
2026-02-18 06:31:54,610 [DEBUG] Sleeping 900s until next cycle...
2026-02-18 06:46:55,080 [INFO] ── Cycle 2 at 2026-02-18T14:46:55+00:00 ──
2026-02-18 06:46:58,763 [INFO] 🧠 HYPE/USDC CONVICTION: 53 [moderate] F&G=8 | TP=2.03% Dev=3.37% SO×1.10 MaxSO+0
2026-02-18 06:46:58,763 [DEBUG] HYPE/USDC: $28.7950 | regime=TRENDING | ATR%=0.72 | TP=2.03% | Dev=3.37%
2026-02-18 06:46:58,769 [INFO] Equity: $9988.26 (-0.12%) | Cash: $9600.00 | Deals: 1 active, 0 completed | DD: 0.1%
2026-02-18 06:46:58,771 [DEBUG] Sleeping 900s until next cycle...
2026-02-22 08:45:50,074 [INFO] 🔄 Lifecycle engine created for ETH/USDC (profile=medium, ATH=$4878)
2026-02-22 08:45:50,122 [INFO] Loaded 2400 candles from DB for ETH/USDC conductor warmup
2026-02-22 08:45:50,254 [INFO] 🔥 Conductor warmup for ETH/USDC: 2400 candles → ready
2026-02-22 08:45:50,255 [INFO] 🔄 Lifecycle engine created for SOL/USDC (profile=medium, ATH=$260)
2026-02-22 08:45:50,277 [INFO] Loaded 2400 candles from DB for SOL/USDC conductor warmup
2026-02-22 08:45:50,383 [INFO] 🔥 Conductor warmup for SOL/USDC: 2400 candles → ready
2026-02-22 08:45:50,386 [INFO] 🔄 Lifecycle engine created for BTC/USDC (profile=medium, ATH=$109000)
2026-02-22 08:45:50,410 [INFO] Loaded 2400 candles from DB for BTC/USDC conductor warmup
2026-02-22 08:45:50,519 [INFO] 🔥 Conductor warmup for BTC/USDC: 2400 candles → ready
2026-02-22 08:45:50,519 [INFO] 🔗 Coin pipeline enabled (check every 4.0h)
2026-02-22 08:45:50,519 [INFO] ============================================================
2026-02-22 08:45:50,519 [INFO] Spot PAPER Trader starting
2026-02-22 08:45:50,519 [INFO] Exchange: hyperliquid | Profile: medium | Capital: $10000
2026-02-22 08:45:50,519 [INFO] Symbols: ['ETH/USDC', 'SOL/USDC', 'BTC/USDC'] | Timeframe: 1h | Max coins: 3
2026-02-22 08:45:50,519 [INFO] ============================================================
2026-02-22 08:45:50,539 [INFO] Connected to hyperliquid
2026-02-22 08:45:50,557 [INFO] State loaded: cash=$8015.17, 3 active deals, 4 completed, symbols=['ETH/USDC', 'SOL/USDC', 'BTC/USDC'], live=False
2026-02-22 08:46:04,721 [INFO] 🎯 ETH/USDC: Cold-start → DCA (500 candles, CFGI=42) — DCA (60.0% below ATH, regime=MILD_TREND, trend=bearish, CFGI=42)
2026-02-22 08:46:06,493 [INFO] 🎯 SOL/USDC: Cold-start → DCA (500 candles, CFGI=40) — DCA (67.9% below ATH, regime=TRENDING, trend=bearish, CFGI=40)
2026-02-22 08:46:08,258 [INFO] 🎯 BTC/USDC: Cold-start → MARKDOWN (500 candles, CFGI=48) — MARKDOWN (38.0% below ATH, regime=RANGING, trend=bearish, CFGI=48)
2026-02-22 08:46:08,259 [WARNING] ⚠️ BTC/USDC detected in MARKDOWN — DCA deals blocked until phase changes
2026-02-22 08:46:09,441 [INFO] [LIFECYCLE] Restored state for ETH/USDC: phase=DCA
2026-02-22 08:46:09,441 [INFO] [LIFECYCLE] Restored state for SOL/USDC: phase=DCA
2026-02-22 08:46:09,441 [INFO] [LIFECYCLE] Restored state for BTC/USDC: phase=DCA
2026-02-22 08:46:10,655 [INFO] ── Cycle 1 at 2026-02-22T16:46:10+00:00 ──
2026-02-22 08:46:12,230 [DEBUG] ETH/USDC: $1950.7000 | regime=MILD_TREND | ATR%=0.41 | TP=1.00% | Dev=2.00%
2026-02-22 08:46:13,766 [DEBUG] SOL/USDC: $83.3400 | regime=TRENDING | ATR%=0.52 | TP=1.17% | Dev=2.11%
2026-02-22 08:46:15,400 [DEBUG] BTC/USDC: $67553.0000 | regime=RANGING | ATR%=0.32 | TP=1.00% | Dev=2.00%
2026-02-22 08:46:15,546 [INFO] Equity: $9970.64 (-0.29%) | Cash: $8015.17 | Deals: 3 active, 4 completed | DD: 0.5%
2026-02-22 08:46:15,547 [DEBUG] Sleeping 3600s until next cycle...
2026-02-22 08:49:40,192 [INFO] ============================================================
2026-02-22 08:49:40,192 [INFO] Spot PAPER Trader starting
2026-02-22 08:49:40,193 [INFO] Exchange: hyperliquid | Profile: medium | Capital: $10000
2026-02-22 08:49:40,193 [INFO] Symbols: ['HYPE/USDC'] | Timeframe: 15m | Max coins: 3
2026-02-22 08:49:40,193 [INFO] ============================================================
2026-02-22 08:49:40,197 [INFO] Connected to hyperliquid
2026-02-22 08:49:40,211 [INFO] State loaded: cash=$9600.00, 1 active deals, 0 completed, symbols=['HYPE/USDC'], live=False
2026-02-22 08:49:41,348 [INFO] ── Cycle 1 at 2026-02-22T16:49:41+00:00 ──
2026-02-22 08:49:55,200 [DEBUG] HYPE/USDC: $29.0060 | regime=TRENDING | ATR%=0.45 | TP=1.01% | Dev=2.00%
2026-02-22 08:49:55,201 [INFO] Equity: $9991.10 (-0.09%) | Cash: $9600.00 | Deals: 1 active, 0 completed | DD: 0.1%
2026-02-22 08:49:55,202 [DEBUG] Sleeping 900s until next cycle...
2026-02-22 09:04:55,774 [INFO] ── Cycle 2 at 2026-02-22T17:04:55+00:00 ──
2026-02-22 09:04:58,207 [DEBUG] HYPE/USDC: $29.0350 | regime=TRENDING | ATR%=0.43 | TP=1.00% | Dev=2.00%
2026-02-22 09:04:58,212 [INFO] Equity: $9991.50 (-0.09%) | Cash: $9600.00 | Deals: 1 active, 0 completed | DD: 0.1%
2026-02-22 09:04:58,215 [DEBUG] Sleeping 900s until next cycle...
2026-02-22 09:19:58,614 [INFO] ── Cycle 3 at 2026-02-22T17:19:58+00:00 ──
2026-02-22 09:20:00,893 [DEBUG] HYPE/USDC: $28.9460 | regime=TRENDING | ATR%=0.43 | TP=1.00% | Dev=2.00%
2026-02-22 09:20:00,895 [INFO] Equity: $9990.29 (-0.10%) | Cash: $9600.00 | Deals: 1 active, 0 completed | DD: 0.1%
2026-02-22 09:20:00,897 [DEBUG] Sleeping 900s until next cycle...
2026-02-22 09:35:01,311 [INFO] ── Cycle 4 at 2026-02-22T17:35:01+00:00 ──
2026-02-22 09:35:03,353 [DEBUG] HYPE/USDC: $28.9450 | regime=TRENDING | ATR%=0.40 | TP=1.00% | Dev=2.00%
2026-02-22 09:35:03,354 [INFO] Equity: $9990.28 (-0.10%) | Cash: $9600.00 | Deals: 1 active, 0 completed | DD: 0.1%
2026-02-22 09:35:03,355 [DEBUG] Sleeping 900s until next cycle...
2026-02-22 09:46:17,345 [INFO] ── Cycle 2 at 2026-02-22T17:46:17+00:00 ──
2026-02-22 09:46:19,965 [DEBUG] ETH/USDC: $1937.4000 | regime=MILD_TREND | ATR%=0.46 | TP=1.00% | Dev=2.00%
2026-02-22 09:46:21,190 [DEBUG] SOL/USDC: $82.8840 | regime=TRENDING | ATR%=0.56 | TP=1.25% | Dev=2.26%
2026-02-22 09:46:22,537 [DEBUG] BTC/USDC: $67260.0000 | regime=RANGING | ATR%=0.34 | TP=1.00% | Dev=2.00%
2026-02-22 09:46:22,635 [INFO] Equity: $9959.86 (-0.40%) | Cash: $8015.17 | Deals: 3 active, 4 completed | DD: 0.6%
2026-02-22 09:46:22,638 [DEBUG] Sleeping 3600s until next cycle...
2026-02-22 09:50:03,740 [INFO] ── Cycle 5 at 2026-02-22T17:50:03+00:00 ──
2026-02-22 09:50:05,772 [INFO] 🔄 Regime change for HYPE/USDC: TRENDING → ACCUMULATION
2026-02-22 09:50:06,904 [DEBUG] HYPE/USDC: $28.9490 | regime=ACCUMULATION | ATR%=0.39 | TP=1.00% | Dev=2.00%
2026-02-22 09:50:06,906 [INFO] Equity: $9990.34 (-0.10%) | Cash: $9600.00 | Deals: 1 active, 0 completed | DD: 0.1%
2026-02-22 09:50:06,907 [DEBUG] Sleeping 900s until next cycle...
2026-02-22 10:05:07,323 [INFO] ── Cycle 6 at 2026-02-22T18:05:07+00:00 ──
2026-02-22 10:05:09,656 [DEBUG] HYPE/USDC: $28.9320 | regime=ACCUMULATION | ATR%=0.37 | TP=1.00% | Dev=2.00%
2026-02-22 10:05:09,660 [INFO] Equity: $9990.11 (-0.10%) | Cash: $9600.00 | Deals: 1 active, 0 completed | DD: 0.1%
2026-02-22 10:05:09,662 [DEBUG] Sleeping 900s until next cycle...
2026-02-22 10:15:39,933 [INFO] ============================================================
2026-02-22 10:15:39,933 [INFO] Spot PAPER Trader starting
2026-02-22 10:15:39,933 [INFO] Exchange: hyperliquid | Profile: medium | Capital: $10000
2026-02-22 10:15:39,934 [INFO] Symbols: ['HYPE/USDC'] | Timeframe: 15m | Max coins: 3
2026-02-22 10:15:39,934 [INFO] ============================================================
2026-02-22 10:15:39,939 [INFO] Connected to hyperliquid
2026-02-22 10:15:39,941 [INFO] State loaded: cash=$9600.00, 1 active deals, 0 completed, symbols=['HYPE/USDC'], live=False
2026-02-22 10:15:41,049 [INFO] ── Cycle 1 at 2026-02-22T18:15:41+00:00 ──
2026-02-22 10:15:54,160 [DEBUG] HYPE/USDC: $28.9690 | regime=ACCUMULATION | ATR%=0.37 | TP=1.00% | Dev=2.00%
2026-02-22 10:15:54,161 [INFO] Equity: $9990.61 (-0.09%) | Cash: $9600.00 | Deals: 1 active, 0 completed | DD: 0.1%
2026-02-22 10:15:54,163 [DEBUG] Sleeping 900s until next cycle...
2026-02-22 10:20:10,111 [INFO] ── Cycle 7 at 2026-02-22T18:20:10+00:00 ──
2026-02-22 10:20:12,599 [DEBUG] HYPE/USDC: $28.9560 | regime=ACCUMULATION | ATR%=0.37 | TP=1.00% | Dev=2.00%
2026-02-22 10:20:12,602 [INFO] Equity: $9990.43 (-0.10%) | Cash: $9600.00 | Deals: 1 active, 0 completed | DD: 0.1%
2026-02-22 10:20:12,604 [DEBUG] Sleeping 900s until next cycle...
2026-02-22 10:30:54,575 [INFO] ── Cycle 2 at 2026-02-22T18:30:54+00:00 ──
2026-02-22 10:30:57,251 [DEBUG] HYPE/USDC: $28.8430 | regime=ACCUMULATION | ATR%=0.38 | TP=1.00% | Dev=2.00%
2026-02-22 10:30:57,263 [INFO] Equity: $9988.91 (-0.11%) | Cash: $9600.00 | Deals: 1 active, 0 completed | DD: 0.1%
2026-02-22 10:30:57,269 [DEBUG] Sleeping 900s until next cycle...
2026-02-22 10:35:13,031 [INFO] ── Cycle 8 at 2026-02-22T18:35:13+00:00 ──
2026-02-22 10:35:15,302 [DEBUG] HYPE/USDC: $28.8160 | regime=ACCUMULATION | ATR%=0.38 | TP=1.00% | Dev=2.00%
2026-02-22 10:35:15,306 [INFO] Equity: $9988.54 (-0.11%) | Cash: $9600.00 | Deals: 1 active, 0 completed | DD: 0.1%
2026-02-22 10:35:15,307 [DEBUG] Sleeping 900s until next cycle...
2026-02-22 10:45:57,650 [INFO] ── Cycle 3 at 2026-02-22T18:45:57+00:00 ──
2026-02-22 10:46:00,149 [DEBUG] HYPE/USDC: $28.7780 | regime=ACCUMULATION | ATR%=0.34 | TP=1.00% | Dev=2.00%
2026-02-22 10:46:00,151 [INFO] 📦 DEAL 1 SO1 FILLED: HYPE/USDC @ $28.8149 ($800.00)
2026-02-22 10:46:01,375 [INFO] Equity: $9986.60 (-0.13%) | Cash: $8800.00 | Deals: 1 active, 0 completed | DD: 0.1%
2026-02-22 10:46:01,376 [DEBUG] Sleeping 900s until next cycle...
2026-02-22 10:46:24,228 [INFO] ── Cycle 3 at 2026-02-22T18:46:24+00:00 ──
2026-02-22 10:46:26,469 [DEBUG] ETH/USDC: $1941.0000 | regime=MILD_TREND | ATR%=0.46 | TP=1.00% | Dev=2.00%
2026-02-22 10:46:28,048 [DEBUG] SOL/USDC: $83.1620 | regime=TRENDING | ATR%=0.55 | TP=1.24% | Dev=2.24%
2026-02-22 10:46:29,506 [DEBUG] BTC/USDC: $67346.0000 | regime=RANGING | ATR%=0.34 | TP=1.00% | Dev=2.00%
2026-02-22 10:46:29,597 [INFO] Equity: $9964.99 (-0.35%) | Cash: $8015.17 | Deals: 3 active, 4 completed | DD: 0.5%
2026-02-22 10:46:29,602 [DEBUG] Sleeping 3600s until next cycle...
2026-02-22 10:50:15,681 [INFO] ── Cycle 9 at 2026-02-22T18:50:15+00:00 ──
2026-02-22 10:50:18,440 [DEBUG] HYPE/USDC: $28.8200 | regime=ACCUMULATION | ATR%=0.36 | TP=1.00% | Dev=2.00%
2026-02-22 10:50:18,443 [INFO] Equity: $9988.60 (-0.11%) | Cash: $9600.00 | Deals: 1 active, 0 completed | DD: 0.1%
2026-02-22 10:50:18,445 [DEBUG] Sleeping 900s until next cycle...
2026-02-22 11:01:01,792 [INFO] ── Cycle 4 at 2026-02-22T19:01:01+00:00 ──
2026-02-22 11:01:04,229 [DEBUG] HYPE/USDC: $28.7990 | regime=ACCUMULATION | ATR%=0.34 | TP=1.00% | Dev=2.00%
2026-02-22 11:01:04,232 [INFO] Equity: $9987.47 (-0.13%) | Cash: $8800.00 | Deals: 1 active, 0 completed | DD: 0.1%
2026-02-22 11:01:04,233 [DEBUG] Sleeping 900s until next cycle...
2026-02-22 11:05:19,045 [INFO] ── Cycle 10 at 2026-02-22T19:05:19+00:00 ──
2026-02-22 11:05:21,600 [DEBUG] HYPE/USDC: $28.8210 | regime=ACCUMULATION | ATR%=0.35 | TP=1.00% | Dev=2.00%
2026-02-22 11:05:21,602 [INFO] Equity: $9988.61 (-0.11%) | Cash: $9600.00 | Deals: 1 active, 0 completed | DD: 0.1%
2026-02-22 11:05:21,604 [DEBUG] Sleeping 900s until next cycle...
2026-02-22 11:16:04,675 [INFO] ── Cycle 5 at 2026-02-22T19:16:04+00:00 ──
2026-02-22 11:16:07,073 [INFO] 🔄 Regime change for HYPE/USDC: ACCUMULATION → TRENDING
2026-02-22 11:16:08,210 [DEBUG] HYPE/USDC: $28.7420 | regime=TRENDING | ATR%=0.37 | TP=1.00% | Dev=2.00%
2026-02-22 11:16:08,213 [INFO] Equity: $9985.12 (-0.15%) | Cash: $8800.00 | Deals: 1 active, 0 completed | DD: 0.1%
2026-02-22 11:16:08,215 [DEBUG] Sleeping 900s until next cycle...
2026-02-22 11:20:21,979 [INFO] ── Cycle 11 at 2026-02-22T19:20:21+00:00 ──
2026-02-22 11:20:25,316 [DEBUG] HYPE/USDC: $28.7470 | regime=ACCUMULATION | ATR%=0.35 | TP=1.00% | Dev=2.00%
2026-02-22 11:20:25,318 [INFO] 📦 DEAL 1 SO1 FILLED: HYPE/USDC @ $28.8149 ($800.00)
2026-02-22 11:20:26,536 [INFO] Equity: $9985.33 (-0.15%) | Cash: $8800.00 | Deals: 1 active, 0 completed | DD: 0.1%
2026-02-22 11:20:26,537 [DEBUG] Sleeping 900s until next cycle...
2026-02-22 11:31:08,950 [INFO] ── Cycle 6 at 2026-02-22T19:31:08+00:00 ──
2026-02-22 11:31:12,121 [INFO] 🔄 Regime change for HYPE/USDC: TRENDING → ACCUMULATION
2026-02-22 11:31:13,493 [DEBUG] HYPE/USDC: $28.7280 | regime=ACCUMULATION | ATR%=0.33 | TP=1.00% | Dev=2.00%
2026-02-22 11:31:13,497 [INFO] Equity: $9984.54 (-0.15%) | Cash: $8800.00 | Deals: 1 active, 0 completed | DD: 0.2%
2026-02-22 11:31:13,499 [DEBUG] Sleeping 900s until next cycle...
2026-02-22 11:35:27,710 [INFO] ── Cycle 12 at 2026-02-22T19:35:27+00:00 ──
2026-02-22 11:35:31,153 [DEBUG] HYPE/USDC: $28.7880 | regime=ACCUMULATION | ATR%=0.35 | TP=1.00% | Dev=2.00%
2026-02-22 11:35:31,156 [INFO] Equity: $9987.02 (-0.13%) | Cash: $8800.00 | Deals: 1 active, 0 completed | DD: 0.1%
2026-02-22 11:35:31,157 [DEBUG] Sleeping 900s until next cycle...
2026-02-22 11:46:15,132 [INFO] ── Cycle 7 at 2026-02-22T19:46:15+00:00 ──
2026-02-22 11:46:18,232 [DEBUG] HYPE/USDC: $28.7620 | regime=ACCUMULATION | ATR%=0.34 | TP=1.00% | Dev=2.00%
2026-02-22 11:46:18,235 [INFO] Equity: $9985.94 (-0.14%) | Cash: $8800.00 | Deals: 1 active, 0 completed | DD: 0.1%
2026-02-22 11:46:18,236 [DEBUG] Sleeping 900s until next cycle...
2026-02-22 11:46:33,109 [INFO] ── Cycle 4 at 2026-02-22T19:46:33+00:00 ──
2026-02-22 11:46:35,807 [INFO] 🔄 Regime change for ETH/USDC: MILD_TREND → TRENDING
2026-02-22 11:46:37,169 [DEBUG] ETH/USDC: $1944.7000 | regime=TRENDING | ATR%=0.46 | TP=1.03% | Dev=2.00%
2026-02-22 11:46:39,068 [DEBUG] SOL/USDC: $83.3050 | regime=TRENDING | ATR%=0.55 | TP=1.23% | Dev=2.22%
2026-02-22 11:46:41,244 [DEBUG] BTC/USDC: $67436.0000 | regime=RANGING | ATR%=0.34 | TP=1.00% | Dev=2.00%
2026-02-22 11:46:41,375 [INFO] Equity: $9968.27 (-0.32%) | Cash: $8015.17 | Deals: 3 active, 4 completed | DD: 0.5%
2026-02-22 11:46:41,380 [DEBUG] Sleeping 3600s until next cycle...
2026-02-22 11:50:32,337 [INFO] ── Cycle 13 at 2026-02-22T19:50:32+00:00 ──
2026-02-22 11:50:35,528 [DEBUG] HYPE/USDC: $28.7930 | regime=ACCUMULATION | ATR%=0.35 | TP=1.00% | Dev=2.00%
2026-02-22 11:50:35,546 [INFO] Equity: $9987.22 (-0.13%) | Cash: $8800.00 | Deals: 1 active, 0 completed | DD: 0.1%
2026-02-22 11:50:35,550 [DEBUG] Sleeping 900s until next cycle...
2026-02-22 12:01:18,694 [INFO] ── Cycle 8 at 2026-02-22T20:01:18+00:00 ──
2026-02-22 12:01:21,153 [DEBUG] HYPE/USDC: $28.7520 | regime=ACCUMULATION | ATR%=0.33 | TP=1.00% | Dev=2.00%
2026-02-22 12:01:21,154 [INFO] Equity: $9985.53 (-0.14%) | Cash: $8800.00 | Deals: 1 active, 0 completed | DD: 0.1%
2026-02-22 12:01:21,155 [DEBUG] Sleeping 900s until next cycle...
2026-02-22 12:05:35,951 [INFO] ── Cycle 14 at 2026-02-22T20:05:35+00:00 ──
2026-02-22 12:05:38,513 [INFO] 🔄 Regime change for HYPE/USDC: ACCUMULATION → TRENDING
2026-02-22 12:05:39,699 [DEBUG] HYPE/USDC: $28.8880 | regime=TRENDING | ATR%=0.37 | TP=1.00% | Dev=2.00%
2026-02-22 12:05:39,705 [INFO] Equity: $9991.14 (-0.09%) | Cash: $8800.00 | Deals: 1 active, 0 completed | DD: 0.1%
2026-02-22 12:05:39,709 [DEBUG] Sleeping 900s until next cycle...
2026-02-22 12:16:21,553 [INFO] ── Cycle 9 at 2026-02-22T20:16:21+00:00 ──
2026-02-22 12:16:23,845 [INFO] 🔄 Regime change for HYPE/USDC: ACCUMULATION → TRENDING
2026-02-22 12:16:24,931 [DEBUG] HYPE/USDC: $28.8580 | regime=TRENDING | ATR%=0.36 | TP=1.00% | Dev=2.00%
2026-02-22 12:16:24,935 [INFO] Equity: $9989.90 (-0.10%) | Cash: $8800.00 | Deals: 1 active, 0 completed | DD: 0.1%
2026-02-22 12:16:24,937 [DEBUG] Sleeping 900s until next cycle...
2026-02-22 12:20:40,091 [INFO] ── Cycle 15 at 2026-02-22T20:20:40+00:00 ──
2026-02-22 12:20:42,401 [DEBUG] HYPE/USDC: $28.8460 | regime=TRENDING | ATR%=0.37 | TP=1.00% | Dev=2.00%
2026-02-22 12:20:42,405 [INFO] Equity: $9989.41 (-0.11%) | Cash: $8800.00 | Deals: 1 active, 0 completed | DD: 0.1%
2026-02-22 12:20:42,406 [DEBUG] Sleeping 900s until next cycle...
2026-02-22 12:31:25,365 [INFO] ── Cycle 10 at 2026-02-22T20:31:25+00:00 ──
2026-02-22 12:31:28,478 [DEBUG] HYPE/USDC: $28.8860 | regime=TRENDING | ATR%=0.37 | TP=1.00% | Dev=2.00%
2026-02-22 12:31:28,482 [INFO] Equity: $9991.06 (-0.09%) | Cash: $8800.00 | Deals: 1 active, 0 completed | DD: 0.1%
2026-02-22 12:31:28,484 [DEBUG] Sleeping 900s until next cycle...
2026-02-22 12:35:42,795 [INFO] ── Cycle 16 at 2026-02-22T20:35:42+00:00 ──
2026-02-22 12:35:46,293 [DEBUG] HYPE/USDC: $28.8880 | regime=TRENDING | ATR%=0.37 | TP=1.00% | Dev=2.00%
2026-02-22 12:35:46,297 [INFO] Equity: $9991.14 (-0.09%) | Cash: $8800.00 | Deals: 1 active, 0 completed | DD: 0.1%
2026-02-22 12:35:46,298 [DEBUG] Sleeping 900s until next cycle...
2026-02-22 12:46:28,833 [INFO] ── Cycle 11 at 2026-02-22T20:46:28+00:00 ──
2026-02-22 12:46:31,208 [DEBUG] HYPE/USDC: $28.9410 | regime=TRENDING | ATR%=0.36 | TP=1.00% | Dev=2.00%
2026-02-22 12:46:31,211 [INFO] Equity: $9993.33 (-0.07%) | Cash: $8800.00 | Deals: 1 active, 0 completed | DD: 0.1%
2026-02-22 12:46:31,213 [DEBUG] Sleeping 900s until next cycle...
2026-02-22 12:46:43,176 [INFO] ── Cycle 5 at 2026-02-22T20:46:43+00:00 ──
2026-02-22 12:46:45,754 [INFO] 🔄 Regime change for ETH/USDC: TRENDING → MILD_TREND
2026-02-22 12:46:46,967 [DEBUG] ETH/USDC: $1943.4000 | regime=MILD_TREND | ATR%=0.45 | TP=1.00% | Dev=2.00%
2026-02-22 12:46:48,600 [DEBUG] SOL/USDC: $83.1560 | regime=TRENDING | ATR%=0.54 | TP=1.22% | Dev=2.19%
2026-02-22 12:46:50,382 [DEBUG] BTC/USDC: $67376.0000 | regime=RANGING | ATR%=0.32 | TP=1.00% | Dev=2.00%
2026-02-22 12:46:50,480 [INFO] Equity: $9965.56 (-0.34%) | Cash: $8015.17 | Deals: 3 active, 4 completed | DD: 0.5%
2026-02-22 12:46:50,483 [DEBUG] Sleeping 3600s until next cycle...
2026-02-22 12:50:46,658 [INFO] ── Cycle 17 at 2026-02-22T20:50:46+00:00 ──
2026-02-22 12:50:49,135 [DEBUG] HYPE/USDC: $28.9280 | regime=TRENDING | ATR%=0.36 | TP=1.00% | Dev=2.00%
2026-02-22 12:50:49,139 [INFO] Equity: $9992.79 (-0.07%) | Cash: $8800.00 | Deals: 1 active, 0 completed | DD: 0.1%
2026-02-22 12:50:49,141 [DEBUG] Sleeping 900s until next cycle...
2026-02-22 13:01:31,575 [INFO] ── Cycle 12 at 2026-02-22T21:01:31+00:00 ──
2026-02-22 13:01:34,354 [DEBUG] HYPE/USDC: $28.9000 | regime=TRENDING | ATR%=0.36 | TP=1.00% | Dev=2.00%
2026-02-22 13:01:34,358 [INFO] Equity: $9991.64 (-0.08%) | Cash: $8800.00 | Deals: 1 active, 0 completed | DD: 0.1%
2026-02-22 13:01:34,359 [DEBUG] Sleeping 900s until next cycle...
2026-02-22 13:05:49,495 [INFO] ── Cycle 18 at 2026-02-22T21:05:49+00:00 ──
2026-02-22 13:05:52,124 [DEBUG] HYPE/USDC: $28.9070 | regime=TRENDING | ATR%=0.37 | TP=1.00% | Dev=2.00%
2026-02-22 13:05:52,127 [INFO] Equity: $9991.92 (-0.08%) | Cash: $8800.00 | Deals: 1 active, 0 completed | DD: 0.1%
2026-02-22 13:05:52,128 [DEBUG] Sleeping 900s until next cycle...
2026-02-22 13:16:34,717 [INFO] ── Cycle 13 at 2026-02-22T21:16:34+00:00 ──
2026-02-22 13:16:37,157 [DEBUG] HYPE/USDC: $28.8890 | regime=TRENDING | ATR%=0.36 | TP=1.00% | Dev=2.00%
2026-02-22 13:16:37,160 [INFO] Equity: $9991.18 (-0.09%) | Cash: $8800.00 | Deals: 1 active, 0 completed | DD: 0.1%
2026-02-22 13:16:37,161 [DEBUG] Sleeping 900s until next cycle...
2026-02-22 13:20:52,459 [INFO] ── Cycle 19 at 2026-02-22T21:20:52+00:00 ──
2026-02-22 13:20:55,073 [DEBUG] HYPE/USDC: $28.9030 | regime=TRENDING | ATR%=0.37 | TP=1.00% | Dev=2.00%
2026-02-22 13:20:55,076 [INFO] Equity: $9991.76 (-0.08%) | Cash: $8800.00 | Deals: 1 active, 0 completed | DD: 0.1%
2026-02-22 13:20:55,077 [DEBUG] Sleeping 900s until next cycle...
2026-02-22 13:31:37,528 [INFO] ── Cycle 14 at 2026-02-22T21:31:37+00:00 ──
2026-02-22 13:31:39,931 [INFO] 🔄 Regime change for HYPE/USDC: TRENDING → ACCUMULATION
2026-02-22 13:31:41,102 [DEBUG] HYPE/USDC: $28.8430 | regime=ACCUMULATION | ATR%=0.35 | TP=1.00% | Dev=2.00%
2026-02-22 13:31:41,104 [INFO] Equity: $9989.28 (-0.11%) | Cash: $8800.00 | Deals: 1 active, 0 completed | DD: 0.1%
2026-02-22 13:31:41,106 [DEBUG] Sleeping 900s until next cycle...
2026-02-22 13:35:55,457 [INFO] ── Cycle 20 at 2026-02-22T21:35:55+00:00 ──
2026-02-22 13:35:58,282 [INFO] 🔄 Regime change for HYPE/USDC: TRENDING → ACCUMULATION
2026-02-22 13:35:59,531 [DEBUG] HYPE/USDC: $28.9180 | regime=ACCUMULATION | ATR%=0.37 | TP=1.00% | Dev=2.00%
2026-02-22 13:35:59,533 [INFO] Equity: $9992.38 (-0.08%) | Cash: $8800.00 | Deals: 1 active, 0 completed | DD: 0.1%
2026-02-22 13:35:59,534 [DEBUG] Sleeping 900s until next cycle...
2026-02-22 13:46:41,454 [INFO] ── Cycle 15 at 2026-02-22T21:46:41+00:00 ──
2026-02-22 13:46:44,090 [DEBUG] HYPE/USDC: $28.9670 | regime=ACCUMULATION | ATR%=0.34 | TP=1.00% | Dev=2.00%
2026-02-22 13:46:44,093 [INFO] Equity: $9994.40 (-0.06%) | Cash: $8800.00 | Deals: 1 active, 0 completed | DD: 0.1%
2026-02-22 13:46:44,094 [DEBUG] Sleeping 900s until next cycle...
2026-02-22 13:46:51,877 [INFO] ── Cycle 6 at 2026-02-22T21:46:51+00:00 ──
2026-02-22 13:46:53,979 [INFO] 🔄 Regime change for ETH/USDC: MILD_TREND → TRENDING
2026-02-22 13:46:55,161 [DEBUG] ETH/USDC: $1949.1000 | regime=TRENDING | ATR%=0.47 | TP=1.07% | Dev=2.00%
2026-02-22 13:46:56,535 [DEBUG] SOL/USDC: $83.4180 | regime=TRENDING | ATR%=0.55 | TP=1.24% | Dev=2.24%
2026-02-22 13:46:58,083 [DEBUG] BTC/USDC: $67544.0000 | regime=RANGING | ATR%=0.34 | TP=1.00% | Dev=2.00%
2026-02-22 13:46:58,191 [INFO] Equity: $9971.37 (-0.29%) | Cash: $8015.17 | Deals: 3 active, 4 completed | DD: 0.4%
2026-02-22 13:46:58,194 [DEBUG] Sleeping 3600s until next cycle...
2026-02-22 13:50:59,891 [INFO] ── Cycle 21 at 2026-02-22T21:50:59+00:00 ──
2026-02-22 13:51:02,355 [DEBUG] HYPE/USDC: $28.9640 | regime=ACCUMULATION | ATR%=0.35 | TP=1.00% | Dev=2.00%
2026-02-22 13:51:02,357 [INFO] Equity: $9994.27 (-0.06%) | Cash: $8800.00 | Deals: 1 active, 0 completed | DD: 0.1%
2026-02-22 13:51:02,360 [DEBUG] Sleeping 900s until next cycle...
2026-02-22 14:01:44,461 [INFO] ── Cycle 16 at 2026-02-22T22:01:44+00:00 ──
2026-02-22 14:01:47,064 [DEBUG] HYPE/USDC: $28.9310 | regime=ACCUMULATION | ATR%=0.33 | TP=1.00% | Dev=2.00%
2026-02-22 14:01:47,067 [INFO] Equity: $9992.91 (-0.07%) | Cash: $8800.00 | Deals: 1 active, 0 completed | DD: 0.1%
2026-02-22 14:01:47,068 [DEBUG] Sleeping 900s until next cycle...
2026-02-22 14:06:02,717 [INFO] ── Cycle 22 at 2026-02-22T22:06:02+00:00 ──
2026-02-22 14:06:05,396 [DEBUG] HYPE/USDC: $28.9560 | regime=ACCUMULATION | ATR%=0.34 | TP=1.00% | Dev=2.00%
2026-02-22 14:06:05,398 [INFO] Equity: $9993.94 (-0.06%) | Cash: $8800.00 | Deals: 1 active, 0 completed | DD: 0.1%
2026-02-22 14:06:05,398 [DEBUG] Sleeping 900s until next cycle...
2026-02-22 14:16:47,441 [INFO] ── Cycle 17 at 2026-02-22T22:16:47+00:00 ──
2026-02-22 14:16:50,157 [DEBUG] HYPE/USDC: $28.9290 | regime=ACCUMULATION | ATR%=0.32 | TP=1.00% | Dev=2.00%
2026-02-22 14:16:50,159 [INFO] Equity: $9992.83 (-0.07%) | Cash: $8800.00 | Deals: 1 active, 0 completed | DD: 0.1%
2026-02-22 14:16:50,162 [DEBUG] Sleeping 900s until next cycle...
2026-02-22 14:21:05,769 [INFO] ── Cycle 23 at 2026-02-22T22:21:05+00:00 ──
2026-02-22 14:21:08,352 [DEBUG] HYPE/USDC: $28.9720 | regime=ACCUMULATION | ATR%=0.33 | TP=1.00% | Dev=2.00%
2026-02-22 14:21:08,355 [INFO] Equity: $9994.60 (-0.05%) | Cash: $8800.00 | Deals: 1 active, 0 completed | DD: 0.1%
2026-02-22 14:21:08,357 [DEBUG] Sleeping 900s until next cycle...
2026-02-22 14:31:50,533 [INFO] ── Cycle 18 at 2026-02-22T22:31:50+00:00 ──
2026-02-22 14:31:52,870 [DEBUG] HYPE/USDC: $28.9000 | regime=ACCUMULATION | ATR%=0.32 | TP=1.00% | Dev=2.00%
2026-02-22 14:31:52,872 [INFO] Equity: $9991.64 (-0.08%) | Cash: $8800.00 | Deals: 1 active, 0 completed | DD: 0.1%
2026-02-22 14:31:52,873 [DEBUG] Sleeping 900s until next cycle...
2026-02-22 14:36:08,802 [INFO] ── Cycle 24 at 2026-02-22T22:36:08+00:00 ──
2026-02-22 14:36:12,897 [DEBUG] HYPE/USDC: $28.8580 | regime=ACCUMULATION | ATR%=0.33 | TP=1.00% | Dev=2.00%
2026-02-22 14:36:12,902 [INFO] Equity: $9989.90 (-0.10%) | Cash: $8800.00 | Deals: 1 active, 0 completed | DD: 0.1%
2026-02-22 14:36:12,903 [DEBUG] Sleeping 900s until next cycle...
2026-02-22 14:46:53,448 [INFO] ── Cycle 19 at 2026-02-22T22:46:53+00:00 ──
2026-02-22 14:46:55,985 [DEBUG] HYPE/USDC: $28.9030 | regime=ACCUMULATION | ATR%=0.33 | TP=1.00% | Dev=2.00%
2026-02-22 14:46:55,989 [INFO] Equity: $9991.76 (-0.08%) | Cash: $8800.00 | Deals: 1 active, 0 completed | DD: 0.1%
2026-02-22 14:46:55,991 [DEBUG] Sleeping 900s until next cycle...
2026-02-22 14:46:59,727 [INFO] ── Cycle 7 at 2026-02-22T22:46:59+00:00 ──
2026-02-22 14:47:01,907 [INFO] 🔄 Regime change for ETH/USDC: TRENDING → MILD_TREND
2026-02-22 14:47:03,029 [DEBUG] ETH/USDC: $1956.9000 | regime=MILD_TREND | ATR%=0.51 | TP=1.00% | Dev=2.00%
2026-02-22 14:47:04,474 [DEBUG] SOL/USDC: $83.4500 | regime=TRENDING | ATR%=0.57 | TP=1.29% | Dev=2.33%
2026-02-22 14:47:05,798 [DEBUG] BTC/USDC: $67642.0000 | regime=RANGING | ATR%=0.35 | TP=1.00% | Dev=2.00%
2026-02-22 14:47:05,882 [INFO] Equity: $9973.95 (-0.26%) | Cash: $8015.17 | Deals: 3 active, 4 completed | DD: 0.4%
2026-02-22 14:47:05,886 [DEBUG] Sleeping 3600s until next cycle...
2026-02-22 14:51:13,313 [INFO] ── Cycle 25 at 2026-02-22T22:51:13+00:00 ──
2026-02-22 14:51:15,989 [DEBUG] HYPE/USDC: $28.9360 | regime=ACCUMULATION | ATR%=0.34 | TP=1.00% | Dev=2.00%
2026-02-22 14:51:15,991 [INFO] Equity: $9993.12 (-0.07%) | Cash: $8800.00 | Deals: 1 active, 0 completed | DD: 0.1%
2026-02-22 14:51:15,995 [DEBUG] Sleeping 900s until next cycle...
2026-02-22 15:01:56,447 [INFO] ── Cycle 20 at 2026-02-22T23:01:56+00:00 ──
2026-02-22 15:01:58,758 [DEBUG] HYPE/USDC: $29.0010 | regime=ACCUMULATION | ATR%=0.32 | TP=1.00% | Dev=2.00%
2026-02-22 15:01:58,761 [INFO] Equity: $9995.80 (-0.04%) | Cash: $8800.00 | Deals: 1 active, 0 completed | DD: 0.0%
2026-02-22 15:01:58,763 [DEBUG] Sleeping 900s until next cycle...
2026-02-22 15:06:16,414 [INFO] ── Cycle 26 at 2026-02-22T23:06:16+00:00 ──
2026-02-22 15:06:18,719 [DEBUG] HYPE/USDC: $29.0010 | regime=ACCUMULATION | ATR%=0.33 | TP=1.00% | Dev=2.00%
2026-02-22 15:06:18,722 [INFO] Equity: $9995.80 (-0.04%) | Cash: $8800.00 | Deals: 1 active, 0 completed | DD: 0.0%
2026-02-22 15:06:18,723 [DEBUG] Sleeping 900s until next cycle...
2026-02-22 15:16:59,143 [INFO] ── Cycle 21 at 2026-02-22T23:16:59+00:00 ──
2026-02-22 15:17:01,474 [DEBUG] HYPE/USDC: $28.8990 | regime=ACCUMULATION | ATR%=0.33 | TP=1.00% | Dev=2.00%
2026-02-22 15:17:01,477 [INFO] Equity: $9991.59 (-0.08%) | Cash: $8800.00 | Deals: 1 active, 0 completed | DD: 0.1%
2026-02-22 15:17:01,478 [DEBUG] Sleeping 900s until next cycle...
2026-02-22 15:21:19,099 [INFO] ── Cycle 27 at 2026-02-22T23:21:19+00:00 ──
2026-02-22 15:21:21,873 [DEBUG] HYPE/USDC: $28.8660 | regime=ACCUMULATION | ATR%=0.34 | TP=1.00% | Dev=2.00%
2026-02-22 15:21:21,875 [INFO] Equity: $9990.23 (-0.10%) | Cash: $8800.00 | Deals: 1 active, 0 completed | DD: 0.1%
2026-02-22 15:21:21,878 [DEBUG] Sleeping 900s until next cycle...
2026-02-22 15:32:01,899 [INFO] ── Cycle 22 at 2026-02-22T23:32:01+00:00 ──
2026-02-22 15:32:04,928 [DEBUG] HYPE/USDC: $28.9210 | regime=ACCUMULATION | ATR%=0.31 | TP=1.00% | Dev=2.00%
2026-02-22 15:32:04,930 [INFO] Equity: $9992.50 (-0.07%) | Cash: $8800.00 | Deals: 1 active, 0 completed | DD: 0.1%
2026-02-22 15:32:04,931 [DEBUG] Sleeping 900s until next cycle...
2026-02-22 15:36:22,324 [INFO] ── Cycle 28 at 2026-02-22T23:36:22+00:00 ──
2026-02-22 15:36:24,594 [DEBUG] HYPE/USDC: $28.9480 | regime=ACCUMULATION | ATR%=0.31 | TP=1.00% | Dev=2.00%
2026-02-22 15:36:24,596 [INFO] Equity: $9993.61 (-0.06%) | Cash: $8800.00 | Deals: 1 active, 0 completed | DD: 0.1%
2026-02-22 15:36:24,597 [DEBUG] Sleeping 900s until next cycle...
2026-02-22 15:47:05,386 [INFO] ── Cycle 23 at 2026-02-22T23:47:05+00:00 ──
2026-02-22 15:47:07,487 [INFO] ── Cycle 8 at 2026-02-22T23:47:07+00:00 ──
2026-02-22 15:47:08,129 [DEBUG] HYPE/USDC: $28.9190 | regime=ACCUMULATION | ATR%=0.29 | TP=1.00% | Dev=2.00%
2026-02-22 15:47:08,133 [INFO] Equity: $9992.42 (-0.08%) | Cash: $8800.00 | Deals: 1 active, 0 completed | DD: 0.1%
2026-02-22 15:47:08,135 [DEBUG] Sleeping 900s until next cycle...
2026-02-22 15:47:09,842 [DEBUG] ETH/USDC: $1948.5000 | regime=MILD_TREND | ATR%=0.54 | TP=1.06% | Dev=2.00%
2026-02-22 15:47:11,314 [DEBUG] SOL/USDC: $82.4920 | regime=TRENDING | ATR%=0.66 | TP=1.48% | Dev=2.68%
2026-02-22 15:47:13,009 [DEBUG] BTC/USDC: $67473.0000 | regime=RANGING | ATR%=0.37 | TP=1.00% | Dev=2.00%
2026-02-22 15:47:13,104 [INFO] Equity: $9957.83 (-0.42%) | Cash: $8015.17 | Deals: 3 active, 4 completed | DD: 0.6%
2026-02-22 15:47:13,106 [DEBUG] Sleeping 3600s until next cycle...
2026-02-22 15:51:24,993 [INFO] ── Cycle 29 at 2026-02-22T23:51:24+00:00 ──
2026-02-22 15:51:27,434 [DEBUG] HYPE/USDC: $28.9700 | regime=ACCUMULATION | ATR%=0.30 | TP=1.00% | Dev=2.00%
2026-02-22 15:51:27,438 [INFO] Equity: $9994.52 (-0.05%) | Cash: $8800.00 | Deals: 1 active, 0 completed | DD: 0.1%
2026-02-22 15:51:27,439 [DEBUG] Sleeping 900s until next cycle...
2026-02-22 16:02:08,553 [INFO] ── Cycle 24 at 2026-02-23T00:02:08+00:00 ──
2026-02-22 16:02:11,032 [DEBUG] HYPE/USDC: $29.0290 | regime=ACCUMULATION | ATR%=0.31 | TP=1.00% | Dev=2.00%
2026-02-22 16:02:11,035 [INFO] Equity: $9996.95 (-0.03%) | Cash: $8800.00 | Deals: 1 active, 0 completed | DD: 0.0%
2026-02-22 16:02:11,037 [DEBUG] Sleeping 900s until next cycle...
2026-02-22 16:06:27,845 [INFO] ── Cycle 30 at 2026-02-23T00:06:27+00:00 ──
2026-02-22 16:06:30,464 [DEBUG] HYPE/USDC: $29.0080 | regime=ACCUMULATION | ATR%=0.31 | TP=1.00% | Dev=2.00%
2026-02-22 16:06:30,467 [INFO] Equity: $9996.09 (-0.04%) | Cash: $8800.00 | Deals: 1 active, 0 completed | DD: 0.0%
2026-02-22 16:06:30,469 [DEBUG] Sleeping 900s until next cycle...
2026-02-22 16:17:11,452 [INFO] ── Cycle 25 at 2026-02-23T00:17:11+00:00 ──
2026-02-22 16:17:13,953 [INFO] 🔄 Regime change for HYPE/USDC: ACCUMULATION → BREAKOUT_WARNING
2026-02-22 16:17:15,109 [DEBUG] HYPE/USDC: $28.9150 | regime=BREAKOUT_WARNING | ATR%=0.31 | TP=1.00% | Dev=2.00%
2026-02-22 16:17:15,112 [INFO] Equity: $9992.25 (-0.08%) | Cash: $8800.00 | Deals: 1 active, 0 completed | DD: 0.1%
2026-02-22 16:17:15,113 [DEBUG] Sleeping 900s until next cycle...
2026-02-22 16:21:34,124 [INFO] ── Cycle 31 at 2026-02-23T00:21:34+00:00 ──
2026-02-22 16:21:40,519 [INFO] 🔄 Regime change for HYPE/USDC: ACCUMULATION → BREAKOUT_WARNING
2026-02-22 16:21:42,168 [DEBUG] HYPE/USDC: $28.8610 | regime=BREAKOUT_WARNING | ATR%=0.33 | TP=1.00% | Dev=2.00%
2026-02-22 16:21:42,172 [INFO] Equity: $9990.03 (-0.10%) | Cash: $8800.00 | Deals: 1 active, 0 completed | DD: 0.1%
2026-02-22 16:21:42,174 [DEBUG] Sleeping 900s until next cycle...
2026-02-22 16:32:19,055 [INFO] ── Cycle 26 at 2026-02-23T00:32:19+00:00 ──
2026-02-22 16:32:21,811 [INFO] 🔄 Regime change for HYPE/USDC: BREAKOUT_WARNING → ACCUMULATION
2026-02-22 16:32:23,226 [DEBUG] HYPE/USDC: $28.7810 | regime=ACCUMULATION | ATR%=0.34 | TP=1.00% | Dev=2.00%
2026-02-22 16:32:23,229 [INFO] Equity: $9986.73 (-0.13%) | Cash: $8800.00 | Deals: 1 active, 0 completed | DD: 0.1%
2026-02-22 16:32:23,232 [DEBUG] Sleeping 900s until next cycle...
2026-02-22 16:36:42,705 [INFO] ── Cycle 32 at 2026-02-23T00:36:42+00:00 ──
2026-02-22 16:36:46,513 [INFO] 🔄 Regime change for HYPE/USDC: BREAKOUT_WARNING → ACCUMULATION
2026-02-22 16:36:47,931 [DEBUG] HYPE/USDC: $28.7550 | regime=ACCUMULATION | ATR%=0.35 | TP=1.00% | Dev=2.00%
2026-02-22 16:36:47,933 [INFO] Equity: $9985.66 (-0.14%) | Cash: $8800.00 | Deals: 1 active, 0 completed | DD: 0.1%
2026-02-22 16:36:47,937 [DEBUG] Sleeping 900s until next cycle...
2026-02-22 16:47:18,100 [INFO] ── Cycle 9 at 2026-02-23T00:47:18+00:00 ──
2026-02-22 16:47:21,412 [DEBUG] ETH/USDC: $1939.5000 | regime=MILD_TREND | ATR%=0.60 | TP=1.19% | Dev=2.07%
2026-02-22 16:47:23,303 [DEBUG] SOL/USDC: $81.9980 | regime=TRENDING | ATR%=0.72 | TP=1.62% | Dev=2.92%
2026-02-22 16:47:24,100 [INFO] ── Cycle 27 at 2026-02-23T00:47:24+00:00 ──
2026-02-22 16:47:25,322 [INFO] 🔄 Regime change for BTC/USDC: RANGING → MILD_TREND
2026-02-22 16:47:26,688 [DEBUG] BTC/USDC: $67050.0000 | regime=MILD_TREND | ATR%=0.43 | TP=1.00% | Dev=2.00%
2026-02-22 16:47:26,787 [DEBUG] HYPE/USDC: $28.5500 | regime=ACCUMULATION | ATR%=0.41 | TP=1.00% | Dev=2.00%
2026-02-22 16:47:26,792 [INFO] Equity: $9977.20 (-0.23%) | Cash: $8800.00 | Deals: 1 active, 0 completed | DD: 0.2%
2026-02-22 16:47:26,793 [DEBUG] Sleeping 900s until next cycle...
2026-02-22 16:47:26,865 [INFO] Equity: $9946.62 (-0.53%) | Cash: $8015.17 | Deals: 3 active, 4 completed | DD: 0.7%
2026-02-22 16:47:26,869 [DEBUG] Sleeping 3600s until next cycle...
2026-02-22 16:51:48,723 [INFO] ── Cycle 33 at 2026-02-23T00:51:48+00:00 ──
2026-02-22 16:51:52,202 [DEBUG] HYPE/USDC: $28.5130 | regime=ACCUMULATION | ATR%=0.41 | TP=1.00% | Dev=2.00%
2026-02-22 16:51:52,206 [INFO] Equity: $9975.68 (-0.24%) | Cash: $8800.00 | Deals: 1 active, 0 completed | DD: 0.2%
2026-02-22 16:51:52,208 [DEBUG] Sleeping 900s until next cycle...
2026-02-22 17:02:28,249 [INFO] ── Cycle 28 at 2026-02-23T01:02:28+00:00 ──
2026-02-22 17:02:31,238 [INFO] 🔄 Regime change for HYPE/USDC: ACCUMULATION → MILD_TREND
2026-02-22 17:02:32,577 [DEBUG] HYPE/USDC: $28.3940 | regime=MILD_TREND | ATR%=0.45 | TP=1.00% | Dev=2.00%
2026-02-22 17:02:32,581 [INFO] Equity: $9970.77 (-0.29%) | Cash: $8800.00 | Deals: 1 active, 0 completed | DD: 0.3%
2026-02-22 17:02:32,583 [DEBUG] Sleeping 900s until next cycle...
2026-02-22 17:06:54,192 [INFO] ── Cycle 34 at 2026-02-23T01:06:54+00:00 ──
2026-02-22 17:06:57,359 [DEBUG] HYPE/USDC: $28.4250 | regime=ACCUMULATION | ATR%=0.49 | TP=1.00% | Dev=2.00%
2026-02-22 17:06:57,363 [INFO] Equity: $9972.05 (-0.28%) | Cash: $8800.00 | Deals: 1 active, 0 completed | DD: 0.3%
2026-02-22 17:06:57,365 [DEBUG] Sleeping 900s until next cycle...
2026-02-22 17:17:33,417 [INFO] ── Cycle 29 at 2026-02-23T01:17:33+00:00 ──
2026-02-22 17:17:36,456 [INFO] 🔄 Regime change for HYPE/USDC: MILD_TREND → TRENDING
2026-02-22 17:17:37,730 [DEBUG] HYPE/USDC: $27.7460 | regime=TRENDING | ATR%=0.66 | TP=1.49% | Dev=2.69%
2026-02-22 17:17:37,733 [INFO] Equity: $9944.05 (-0.56%) | Cash: $8800.00 | Deals: 1 active, 0 completed | DD: 0.6%
2026-02-22 17:17:37,734 [DEBUG] Sleeping 900s until next cycle...
2026-02-22 17:21:58,664 [INFO] ── Cycle 35 at 2026-02-23T01:21:58+00:00 ──
2026-02-22 17:22:02,270 [INFO] 🔄 Regime change for HYPE/USDC: ACCUMULATION → TRENDING
2026-02-22 17:22:03,727 [DEBUG] HYPE/USDC: $27.8940 | regime=TRENDING | ATR%=0.66 | TP=1.48% | Dev=2.67%
2026-02-22 17:22:03,733 [INFO] Equity: $9950.15 (-0.50%) | Cash: $8800.00 | Deals: 1 active, 0 completed | DD: 0.5%
2026-02-22 17:22:03,735 [DEBUG] Sleeping 900s until next cycle...
2026-02-22 17:32:38,831 [INFO] ── Cycle 30 at 2026-02-23T01:32:38+00:00 ──
2026-02-22 17:32:41,975 [INFO] 🔄 Regime change for HYPE/USDC: TRENDING → MILD_TREND
2026-02-22 17:32:43,385 [DEBUG] HYPE/USDC: $27.8340 | regime=MILD_TREND | ATR%=0.68 | TP=1.34% | Dev=2.35%
2026-02-22 17:32:43,390 [INFO] Equity: $9947.68 (-0.52%) | Cash: $8800.00 | Deals: 1 active, 0 completed | DD: 0.5%
2026-02-22 17:32:43,391 [DEBUG] Sleeping 900s until next cycle...
2026-02-22 17:37:05,231 [INFO] ── Cycle 36 at 2026-02-23T01:37:05+00:00 ──
2026-02-22 17:37:08,864 [DEBUG] HYPE/USDC: $27.9020 | regime=TRENDING | ATR%=0.71 | TP=1.60% | Dev=2.89%
2026-02-22 17:37:08,868 [INFO] Equity: $9950.48 (-0.50%) | Cash: $8800.00 | Deals: 1 active, 0 completed | DD: 0.5%
2026-02-22 17:37:08,870 [DEBUG] Sleeping 900s until next cycle...
2026-02-22 17:47:33,437 [INFO] ── Cycle 10 at 2026-02-23T01:47:33+00:00 ──
2026-02-22 17:47:36,603 [INFO] 🔄 Regime change for ETH/USDC: MILD_TREND → EXTREME
2026-02-22 17:47:38,004 [DEBUG] ETH/USDC: $1852.2000 | regime=EXTREME | ATR%=0.96 | TP=1.26% | Dev=3.00%
2026-02-22 17:47:39,982 [INFO] 🔄 Regime change for SOL/USDC: TRENDING → EXTREME
2026-02-22 17:47:41,222 [DEBUG] SOL/USDC: $77.8140 | regime=EXTREME | ATR%=1.17 | TP=1.54% | Dev=3.00%
2026-02-22 17:47:43,456 [INFO] 🔄 Regime change for BTC/USDC: MILD_TREND → EXTREME
2026-02-22 17:47:44,678 [DEBUG] BTC/USDC: $64907.0000 | regime=EXTREME | ATR%=0.72 | TP=1.00% | Dev=3.00%
2026-02-22 17:47:44,813 [INFO] Equity: $9857.87 (-1.42%) | Cash: $8015.17 | Deals: 3 active, 4 completed | DD: 1.6%
2026-02-22 17:47:44,818 [DEBUG] Sleeping 3600s until next cycle...
2026-02-22 17:47:46,434 [INFO] ── Cycle 31 at 2026-02-23T01:47:46+00:00 ──
2026-02-22 17:47:48,842 [INFO] 🔄 Regime change for HYPE/USDC: MILD_TREND → ACCUMULATION
2026-02-22 17:47:50,187 [DEBUG] HYPE/USDC: $27.7370 | regime=ACCUMULATION | ATR%=0.77 | TP=1.22% | Dev=2.04%
2026-02-22 17:47:50,188 [INFO] 📦 DEAL 1 SO2 FILLED: HYPE/USDC @ $27.9533 ($1600.00)
2026-02-22 17:47:51,496 [INFO] Equity: $9930.50 (-0.69%) | Cash: $7200.00 | Deals: 1 active, 0 completed | DD: 0.7%
2026-02-22 17:47:51,498 [DEBUG] Sleeping 900s until next cycle...
2026-02-22 17:52:11,635 [INFO] ── Cycle 37 at 2026-02-23T01:52:11+00:00 ──
2026-02-22 17:52:15,354 [INFO] 🔄 Regime change for HYPE/USDC: TRENDING → ACCUMULATION
2026-02-22 17:52:16,892 [DEBUG] HYPE/USDC: $27.7200 | regime=ACCUMULATION | ATR%=0.78 | TP=1.24% | Dev=2.06%
2026-02-22 17:52:16,895 [INFO] 📦 DEAL 1 SO2 FILLED: HYPE/USDC @ $27.9334 ($1600.00)
2026-02-22 17:52:18,561 [INFO] Equity: $9929.96 (-0.70%) | Cash: $7200.00 | Deals: 1 active, 0 completed | DD: 0.7%
2026-02-22 17:52:18,563 [DEBUG] Sleeping 900s until next cycle...
2026-02-22 18:02:52,482 [INFO] ── Cycle 32 at 2026-02-23T02:02:52+00:00 ──
2026-02-22 18:02:56,053 [DEBUG] HYPE/USDC: $27.5980 | regime=ACCUMULATION | ATR%=0.80 | TP=1.27% | Dev=2.12%
2026-02-22 18:02:56,055 [INFO] Equity: $9916.82 (-0.83%) | Cash: $7200.00 | Deals: 1 active, 0 completed | DD: 0.8%
2026-02-22 18:02:56,060 [DEBUG] Sleeping 900s until next cycle...
2026-02-22 18:07:19,791 [INFO] ── Cycle 38 at 2026-02-23T02:07:19+00:00 ──
2026-02-22 18:07:23,163 [DEBUG] HYPE/USDC: $27.7280 | regime=ACCUMULATION | ATR%=0.83 | TP=1.32% | Dev=2.20%
2026-02-22 18:07:23,170 [INFO] Equity: $9930.75 (-0.69%) | Cash: $7200.00 | Deals: 1 active, 0 completed | DD: 0.7%
2026-02-22 18:07:23,171 [DEBUG] Sleeping 900s until next cycle...
2026-02-22 18:17:56,834 [INFO] ── Cycle 33 at 2026-02-23T02:17:56+00:00 ──
2026-02-22 18:17:59,367 [INFO] 🔄 Regime change for HYPE/USDC: ACCUMULATION → TRENDING
2026-02-22 18:18:00,614 [DEBUG] HYPE/USDC: $27.7290 | regime=TRENDING | ATR%=0.84 | TP=1.90% | Dev=3.00%
2026-02-22 18:18:00,617 [INFO] Equity: $9929.72 (-0.70%) | Cash: $7200.00 | Deals: 1 active, 0 completed | DD: 0.7%
2026-02-22 18:18:00,619 [DEBUG] Sleeping 900s until next cycle...
2026-02-22 18:22:24,267 [INFO] ── Cycle 39 at 2026-02-23T02:22:24+00:00 ──
2026-02-22 18:22:26,607 [INFO] 🔄 Regime change for HYPE/USDC: ACCUMULATION → TRENDING
2026-02-22 18:22:27,857 [DEBUG] HYPE/USDC: $27.7300 | regime=TRENDING | ATR%=0.85 | TP=1.91% | Dev=3.00%
2026-02-22 18:22:27,861 [INFO] Equity: $9930.95 (-0.69%) | Cash: $7200.00 | Deals: 1 active, 0 completed | DD: 0.7%
2026-02-22 18:22:27,862 [DEBUG] Sleeping 900s until next cycle...
2026-02-22 18:33:01,764 [INFO] ── Cycle 34 at 2026-02-23T02:33:01+00:00 ──
2026-02-22 18:33:04,543 [DEBUG] HYPE/USDC: $27.6810 | regime=TRENDING | ATR%=0.86 | TP=1.95% | Dev=3.00%
2026-02-22 18:33:04,547 [INFO] Equity: $9924.99 (-0.75%) | Cash: $7200.00 | Deals: 1 active, 0 completed | DD: 0.8%
2026-02-22 18:33:04,551 [DEBUG] Sleeping 900s until next cycle...
2026-02-22 18:37:28,833 [INFO] ── Cycle 40 at 2026-02-23T02:37:28+00:00 ──
2026-02-22 18:37:32,815 [DEBUG] HYPE/USDC: $27.7490 | regime=TRENDING | ATR%=0.86 | TP=1.94% | Dev=3.00%
2026-02-22 18:37:32,819 [INFO] Equity: $9932.82 (-0.67%) | Cash: $7200.00 | Deals: 1 active, 0 completed | DD: 0.7%
2026-02-22 18:37:32,826 [DEBUG] Sleeping 900s until next cycle...
2026-02-22 18:47:47,984 [INFO] ── Cycle 11 at 2026-02-23T02:47:47+00:00 ──
2026-02-22 18:47:51,418 [INFO] 🔄 Regime change for ETH/USDC: EXTREME → TRENDING
2026-02-22 18:47:52,915 [DEBUG] ETH/USDC: $1862.0000 | regime=TRENDING | ATR%=0.94 | TP=2.00% | Dev=3.00%
2026-02-22 18:47:53,075 [INFO] 📦 DEAL 5 SO1 FILLED: ETH/USDC @ $1907.2822 ($800.00)
2026-02-22 18:47:56,268 [DEBUG] SOL/USDC: $77.8210 | regime=EXTREME | ATR%=1.16 | TP=1.52% | Dev=3.00%
2026-02-22 18:47:58,313 [INFO] 🔄 Regime change for BTC/USDC: EXTREME → ACCUMULATION
2026-02-22 18:47:59,680 [DEBUG] BTC/USDC: $64809.0000 | regime=ACCUMULATION | ATR%=0.74 | TP=1.19% | Dev=2.00%
2026-02-22 18:47:59,829 [INFO] 📦 DEAL 7 SO1 FILLED: BTC/USDC @ $66625.7400 ($800.00)
2026-02-22 18:48:01,175 [INFO] Equity: $9817.77 (-1.82%) | Cash: $6415.17 | Deals: 3 active, 4 completed | DD: 2.0%
2026-02-22 18:48:01,180 [DEBUG] Sleeping 3600s until next cycle...
2026-02-22 18:48:05,491 [INFO] ── Cycle 35 at 2026-02-23T02:48:05+00:00 ──
2026-02-22 18:48:08,042 [DEBUG] HYPE/USDC: $27.6380 | regime=TRENDING | ATR%=0.87 | TP=1.95% | Dev=3.00%
2026-02-22 18:48:08,049 [INFO] Equity: $9920.76 (-0.79%) | Cash: $7200.00 | Deals: 1 active, 0 completed | DD: 0.8%
2026-02-22 18:48:08,052 [DEBUG] Sleeping 900s until next cycle...
2026-02-22 18:52:33,680 [INFO] ── Cycle 41 at 2026-02-23T02:52:33+00:00 ──
2026-02-22 18:52:37,343 [DEBUG] HYPE/USDC: $27.6040 | regime=TRENDING | ATR%=0.88 | TP=1.99% | Dev=3.00%
2026-02-22 18:52:37,349 [INFO] Equity: $9918.54 (-0.81%) | Cash: $7200.00 | Deals: 1 active, 0 completed | DD: 0.8%
2026-02-22 18:52:37,351 [DEBUG] Sleeping 900s until next cycle...
2026-02-22 19:03:08,831 [INFO] ── Cycle 36 at 2026-02-23T03:03:08+00:00 ──
2026-02-22 19:03:11,482 [DEBUG] HYPE/USDC: $27.5250 | regime=TRENDING | ATR%=0.91 | TP=2.00% | Dev=3.00%
2026-02-22 19:03:11,487 [INFO] Equity: $9909.63 (-0.90%) | Cash: $7200.00 | Deals: 1 active, 0 completed | DD: 0.9%
2026-02-22 19:03:11,489 [DEBUG] Sleeping 900s until next cycle...
2026-02-22 19:07:38,117 [INFO] ── Cycle 42 at 2026-02-23T03:07:38+00:00 ──
2026-02-22 19:07:40,896 [DEBUG] HYPE/USDC: $27.4820 | regime=TRENDING | ATR%=0.92 | TP=2.00% | Dev=3.00%
2026-02-22 19:07:40,901 [INFO] Equity: $9906.52 (-0.93%) | Cash: $7200.00 | Deals: 1 active, 0 completed | DD: 0.9%
2026-02-22 19:07:40,902 [DEBUG] Sleeping 900s until next cycle...
2026-02-22 19:18:12,190 [INFO] ── Cycle 37 at 2026-02-23T03:18:12+00:00 ──
2026-02-22 19:18:14,705 [DEBUG] HYPE/USDC: $27.1140 | regime=TRENDING | ATR%=1.00 | TP=2.00% | Dev=3.00%
2026-02-22 19:18:14,708 [INFO] Equity: $9869.17 (-1.31%) | Cash: $7200.00 | Deals: 1 active, 0 completed | DD: 1.3%
2026-02-22 19:18:14,709 [DEBUG] Sleeping 900s until next cycle...
2026-02-22 19:22:41,466 [INFO] ── Cycle 43 at 2026-02-23T03:22:41+00:00 ──
2026-02-22 19:22:43,942 [DEBUG] HYPE/USDC: $26.9890 | regime=TRENDING | ATR%=1.04 | TP=2.00% | Dev=3.00%
2026-02-22 19:22:43,945 [INFO] Equity: $9857.97 (-1.42%) | Cash: $7200.00 | Deals: 1 active, 0 completed | DD: 1.4%
2026-02-22 19:22:43,946 [DEBUG] Sleeping 900s until next cycle...
2026-02-22 19:33:15,261 [INFO] ── Cycle 38 at 2026-02-23T03:33:15+00:00 ──
2026-02-22 19:33:17,954 [DEBUG] HYPE/USDC: $26.9840 | regime=TRENDING | ATR%=1.07 | TP=2.00% | Dev=3.00%
2026-02-22 19:33:17,957 [INFO] Equity: $9856.38 (-1.44%) | Cash: $7200.00 | Deals: 1 active, 0 completed | DD: 1.4%
2026-02-22 19:33:17,959 [DEBUG] Sleeping 900s until next cycle...
2026-02-22 19:37:44,982 [INFO] ── Cycle 44 at 2026-02-23T03:37:44+00:00 ──
2026-02-22 19:37:48,156 [DEBUG] HYPE/USDC: $27.1470 | regime=TRENDING | ATR%=1.11 | TP=2.00% | Dev=3.00%
2026-02-22 19:37:48,162 [INFO] Equity: $9873.53 (-1.26%) | Cash: $7200.00 | Deals: 1 active, 0 completed | DD: 1.3%
2026-02-22 19:37:48,164 [DEBUG] Sleeping 900s until next cycle...
2026-02-22 19:48:03,790 [INFO] ── Cycle 12 at 2026-02-23T03:48:03+00:00 ──
2026-02-22 19:48:06,709 [DEBUG] ETH/USDC: $1863.8000 | regime=TRENDING | ATR%=0.91 | TP=2.00% | Dev=3.00%
2026-02-22 19:48:08,471 [INFO] 🔄 Regime change for SOL/USDC: EXTREME → TRENDING
2026-02-22 19:48:09,818 [DEBUG] SOL/USDC: $77.6840 | regime=TRENDING | ATR%=1.18 | TP=2.00% | Dev=3.00%
2026-02-22 19:48:09,921 [INFO] 📦 DEAL 6 SO2 FILLED: SOL/USDC @ $79.3137 ($1600.00)
2026-02-22 19:48:12,853 [INFO] 🔄 Regime change for BTC/USDC: ACCUMULATION → TRENDING
2026-02-22 19:48:14,182 [DEBUG] BTC/USDC: $64917.0000 | regime=TRENDING | ATR%=0.73 | TP=1.65% | Dev=2.98%
2026-02-22 19:48:14,333 [INFO] Equity: $9785.23 (-2.15%) | Cash: $4815.17 | Deals: 3 active, 4 completed | DD: 2.3%
2026-02-22 19:48:14,335 [DEBUG] Sleeping 3600s until next cycle...
2026-02-22 19:48:18,802 [INFO] ── Cycle 39 at 2026-02-23T03:48:18+00:00 ──
2026-02-22 19:48:22,701 [DEBUG] HYPE/USDC: $27.2310 | regime=TRENDING | ATR%=1.13 | TP=2.00% | Dev=3.00%
2026-02-22 19:48:22,706 [INFO] Equity: $9880.69 (-1.19%) | Cash: $7200.00 | Deals: 1 active, 0 completed | DD: 1.2%
2026-02-22 19:48:22,714 [DEBUG] Sleeping 900s until next cycle...
2026-02-22 19:52:48,987 [INFO] ── Cycle 45 at 2026-02-23T03:52:48+00:00 ──
2026-02-22 19:52:52,053 [DEBUG] HYPE/USDC: $27.2400 | regime=TRENDING | ATR%=1.14 | TP=2.00% | Dev=3.00%
2026-02-22 19:52:52,059 [INFO] Equity: $9882.69 (-1.17%) | Cash: $7200.00 | Deals: 1 active, 0 completed | DD: 1.2%
2026-02-22 19:52:52,061 [DEBUG] Sleeping 900s until next cycle...
2026-02-22 20:03:23,706 [INFO] ── Cycle 40 at 2026-02-23T04:03:23+00:00 ──
2026-02-22 20:03:26,200 [DEBUG] HYPE/USDC: $27.2400 | regime=TRENDING | ATR%=1.08 | TP=2.00% | Dev=3.00%
2026-02-22 20:03:26,203 [INFO] Equity: $9881.58 (-1.18%) | Cash: $7200.00 | Deals: 1 active, 0 completed | DD: 1.2%
2026-02-22 20:03:26,206 [DEBUG] Sleeping 900s until next cycle...
2026-02-22 20:07:52,901 [INFO] ── Cycle 46 at 2026-02-23T04:07:52+00:00 ──
2026-02-22 20:07:56,341 [DEBUG] HYPE/USDC: $27.2410 | regime=TRENDING | ATR%=1.08 | TP=2.00% | Dev=3.00%
2026-02-22 20:07:56,347 [INFO] Equity: $9882.79 (-1.17%) | Cash: $7200.00 | Deals: 1 active, 0 completed | DD: 1.2%
2026-02-22 20:07:56,350 [DEBUG] Sleeping 900s until next cycle...
2026-02-22 20:18:27,343 [INFO] ── Cycle 41 at 2026-02-23T04:18:27+00:00 ──
2026-02-22 20:18:30,206 [DEBUG] HYPE/USDC: $27.0600 | regime=TRENDING | ATR%=1.08 | TP=2.00% | Dev=3.00%
2026-02-22 20:18:30,210 [INFO] Equity: $9863.86 (-1.36%) | Cash: $7200.00 | Deals: 1 active, 0 completed | DD: 1.4%
2026-02-22 20:18:30,212 [DEBUG] Sleeping 900s until next cycle...
2026-02-22 20:22:57,111 [INFO] ── Cycle 47 at 2026-02-23T04:22:57+00:00 ──
2026-02-22 20:23:00,114 [DEBUG] HYPE/USDC: $26.9820 | regime=TRENDING | ATR%=1.11 | TP=2.00% | Dev=3.00%
2026-02-22 20:23:00,119 [INFO] Equity: $9857.28 (-1.43%) | Cash: $7200.00 | Deals: 1 active, 0 completed | DD: 1.4%
2026-02-22 20:23:00,123 [DEBUG] Sleeping 900s until next cycle...
2026-02-22 20:33:31,031 [INFO] ── Cycle 42 at 2026-02-23T04:33:31+00:00 ──
2026-02-22 20:33:34,210 [INFO] 🔄 Regime change for HYPE/USDC: TRENDING → ACCUMULATION
2026-02-22 20:33:35,805 [DEBUG] HYPE/USDC: $27.0480 | regime=ACCUMULATION | ATR%=0.98 | TP=1.56% | Dev=2.60%
2026-02-22 20:33:35,809 [INFO] Equity: $9862.68 (-1.37%) | Cash: $7200.00 | Deals: 1 active, 0 completed | DD: 1.4%
2026-02-22 20:33:35,811 [DEBUG] Sleeping 900s until next cycle...
2026-02-22 20:38:01,075 [INFO] ── Cycle 48 at 2026-02-23T04:38:01+00:00 ──
2026-02-22 20:38:03,813 [INFO] 🔄 Regime change for HYPE/USDC: TRENDING → ACCUMULATION
2026-02-22 20:38:05,081 [DEBUG] HYPE/USDC: $27.0300 | regime=ACCUMULATION | ATR%=0.98 | TP=1.56% | Dev=2.61%
2026-02-22 20:38:05,084 [INFO] Equity: $9862.01 (-1.38%) | Cash: $7200.00 | Deals: 1 active, 0 completed | DD: 1.4%
2026-02-22 20:38:05,087 [DEBUG] Sleeping 900s until next cycle...
2026-02-22 20:48:17,247 [INFO] ── Cycle 13 at 2026-02-23T04:48:17+00:00 ──
2026-02-22 20:48:20,329 [DEBUG] ETH/USDC: $1856.6000 | regime=TRENDING | ATR%=0.92 | TP=2.00% | Dev=3.00%
2026-02-22 20:48:21,964 [DEBUG] SOL/USDC: $77.3270 | regime=TRENDING | ATR%=1.19 | TP=2.00% | Dev=3.00%
2026-02-22 20:48:23,587 [DEBUG] BTC/USDC: $64741.0000 | regime=TRENDING | ATR%=0.74 | TP=1.66% | Dev=3.00%
2026-02-22 20:48:23,746 [INFO] Equity: $9765.42 (-2.35%) | Cash: $4815.17 | Deals: 3 active, 4 completed | DD: 2.5%
2026-02-22 20:48:23,756 [DEBUG] Sleeping 3600s until next cycle...
2026-02-22 20:48:36,428 [INFO] ── Cycle 43 at 2026-02-23T04:48:36+00:00 ──
2026-02-22 20:48:38,730 [INFO] 🔄 Regime change for HYPE/USDC: ACCUMULATION → TRENDING
2026-02-22 20:48:40,215 [DEBUG] HYPE/USDC: $27.1380 | regime=TRENDING | ATR%=0.91 | TP=2.00% | Dev=3.00%
2026-02-22 20:48:40,216 [INFO] Equity: $9871.54 (-1.28%) | Cash: $7200.00 | Deals: 1 active, 0 completed | DD: 1.3%
2026-02-22 20:48:40,218 [DEBUG] Sleeping 900s until next cycle...
2026-02-22 20:53:05,654 [INFO] ── Cycle 49 at 2026-02-23T04:53:05+00:00 ──
2026-02-22 20:53:08,356 [INFO] 🔄 Regime change for HYPE/USDC: ACCUMULATION → TRENDING
2026-02-22 20:53:09,580 [DEBUG] HYPE/USDC: $27.0540 | regime=TRENDING | ATR%=0.94 | TP=2.00% | Dev=3.00%
2026-02-22 20:53:09,584 [INFO] Equity: $9864.37 (-1.36%) | Cash: $7200.00 | Deals: 1 active, 0 completed | DD: 1.4%
2026-02-22 20:53:09,586 [DEBUG] Sleeping 900s until next cycle...
2026-02-22 21:03:40,734 [INFO] ── Cycle 44 at 2026-02-23T05:03:40+00:00 ──
2026-02-22 21:03:43,349 [DEBUG] HYPE/USDC: $27.1980 | regime=TRENDING | ATR%=0.88 | TP=1.97% | Dev=3.00%
2026-02-22 21:03:43,352 [INFO] Equity: $9877.44 (-1.23%) | Cash: $7200.00 | Deals: 1 active, 0 completed | DD: 1.2%
2026-02-22 21:03:43,354 [DEBUG] Sleeping 900s until next cycle...
2026-02-22 21:08:10,104 [INFO] ── Cycle 50 at 2026-02-23T05:08:10+00:00 ──
2026-02-22 21:08:13,077 [DEBUG] HYPE/USDC: $27.3030 | regime=TRENDING | ATR%=0.90 | TP=2.00% | Dev=3.00%
2026-02-22 21:08:13,079 [INFO] Equity: $9888.89 (-1.11%) | Cash: $7200.00 | Deals: 1 active, 0 completed | DD: 1.1%
2026-02-22 21:08:13,081 [DEBUG] Sleeping 900s until next cycle...
2026-02-22 21:18:43,844 [INFO] ── Cycle 45 at 2026-02-23T05:18:43+00:00 ──
2026-02-22 21:18:46,338 [DEBUG] HYPE/USDC: $27.5000 | regime=TRENDING | ATR%=0.86 | TP=1.94% | Dev=3.00%
2026-02-22 21:18:46,340 [INFO] Equity: $9907.17 (-0.93%) | Cash: $7200.00 | Deals: 1 active, 0 completed | DD: 0.9%
2026-02-22 21:18:46,341 [DEBUG] Sleeping 900s until next cycle...
2026-02-22 21:23:13,610 [INFO] ── Cycle 51 at 2026-02-23T05:23:13+00:00 ──
2026-02-22 21:23:16,286 [DEBUG] HYPE/USDC: $27.4570 | regime=TRENDING | ATR%=0.87 | TP=1.95% | Dev=3.00%
2026-02-22 21:23:16,289 [INFO] Equity: $9904.06 (-0.96%) | Cash: $7200.00 | Deals: 1 active, 0 completed | DD: 1.0%
2026-02-22 21:23:16,290 [DEBUG] Sleeping 900s until next cycle...
2026-02-22 21:33:46,865 [INFO] ── Cycle 46 at 2026-02-23T05:33:46+00:00 ──
2026-02-22 21:33:49,385 [DEBUG] HYPE/USDC: $27.5330 | regime=TRENDING | ATR%=0.78 | TP=1.76% | Dev=3.00%
2026-02-22 21:33:49,387 [INFO] Equity: $9910.42 (-0.90%) | Cash: $7200.00 | Deals: 1 active, 0 completed | DD: 0.9%
2026-02-22 21:33:49,389 [DEBUG] Sleeping 900s until next cycle...
2026-02-22 21:38:16,816 [INFO] ── Cycle 52 at 2026-02-23T05:38:16+00:00 ──
2026-02-22 21:38:19,325 [DEBUG] HYPE/USDC: $27.5510 | regime=TRENDING | ATR%=0.80 | TP=1.80% | Dev=3.00%
2026-02-22 21:38:19,329 [INFO] Equity: $9913.32 (-0.87%) | Cash: $7200.00 | Deals: 1 active, 0 completed | DD: 0.9%
2026-02-22 21:38:19,330 [DEBUG] Sleeping 900s until next cycle...
2026-02-22 21:48:25,760 [INFO] ── Cycle 14 at 2026-02-23T05:48:25+00:00 ──
2026-02-22 21:48:28,454 [INFO] 🔄 Regime change for ETH/USDC: TRENDING → ACCUMULATION
2026-02-22 21:48:29,700 [DEBUG] ETH/USDC: $1864.7000 | regime=ACCUMULATION | ATR%=0.91 | TP=1.45% | Dev=2.41%
2026-02-22 21:48:31,524 [DEBUG] SOL/USDC: $77.7860 | regime=TRENDING | ATR%=1.18 | TP=2.00% | Dev=3.00%
2026-02-22 21:48:33,184 [DEBUG] BTC/USDC: $65012.0000 | regime=TRENDING | ATR%=0.73 | TP=1.63% | Dev=2.95%
2026-02-22 21:48:33,295 [INFO] Equity: $9790.97 (-2.09%) | Cash: $4815.17 | Deals: 3 active, 4 completed | DD: 2.2%
2026-02-22 21:48:33,299 [DEBUG] Sleeping 3600s until next cycle...
2026-02-22 21:48:49,927 [INFO] ── Cycle 47 at 2026-02-23T05:48:49+00:00 ──
2026-02-22 21:48:52,142 [INFO] 🔄 Regime change for HYPE/USDC: TRENDING → ACCUMULATION
2026-02-22 21:48:53,315 [DEBUG] HYPE/USDC: $27.5920 | regime=ACCUMULATION | ATR%=0.78 | TP=1.24% | Dev=2.07%
2026-02-22 21:48:53,318 [INFO] Equity: $9916.23 (-0.84%) | Cash: $7200.00 | Deals: 1 active, 0 completed | DD: 0.8%
2026-02-22 21:48:53,319 [DEBUG] Sleeping 900s until next cycle...
2026-02-22 21:53:19,848 [INFO] ── Cycle 53 at 2026-02-23T05:53:19+00:00 ──
2026-02-22 21:53:22,493 [INFO] 🔄 Regime change for HYPE/USDC: TRENDING → ACCUMULATION
2026-02-22 21:53:23,828 [DEBUG] HYPE/USDC: $27.6350 | regime=ACCUMULATION | ATR%=0.79 | TP=1.25% | Dev=2.09%
2026-02-22 21:53:23,833 [INFO] Equity: $9921.59 (-0.78%) | Cash: $7200.00 | Deals: 1 active, 0 completed | DD: 0.8%
2026-02-22 21:53:23,835 [DEBUG] Sleeping 900s until next cycle...
2026-02-22 22:03:53,827 [INFO] ── Cycle 48 at 2026-02-23T06:03:53+00:00 ──
2026-02-22 22:03:56,208 [DEBUG] HYPE/USDC: $27.5510 | regime=ACCUMULATION | ATR%=0.78 | TP=1.25% | Dev=2.08%
2026-02-22 22:03:56,210 [INFO] Equity: $9912.19 (-0.88%) | Cash: $7200.00 | Deals: 1 active, 0 completed | DD: 0.9%
2026-02-22 22:03:56,213 [DEBUG] Sleeping 900s until next cycle...
2026-02-22 22:08:24,436 [INFO] ── Cycle 54 at 2026-02-23T06:08:24+00:00 ──
2026-02-22 22:08:27,116 [DEBUG] HYPE/USDC: $27.6430 | regime=ACCUMULATION | ATR%=0.79 | TP=1.26% | Dev=2.10%
2026-02-22 22:08:27,119 [INFO] Equity: $9922.38 (-0.78%) | Cash: $7200.00 | Deals: 1 active, 0 completed | DD: 0.8%
2026-02-22 22:08:27,120 [DEBUG] Sleeping 900s until next cycle...
2026-02-22 22:18:56,804 [INFO] ── Cycle 49 at 2026-02-23T06:18:56+00:00 ──
2026-02-22 22:18:59,379 [DEBUG] HYPE/USDC: $27.7290 | regime=ACCUMULATION | ATR%=0.77 | TP=1.22% | Dev=2.04%
2026-02-22 22:18:59,382 [INFO] Equity: $9929.72 (-0.70%) | Cash: $7200.00 | Deals: 1 active, 0 completed | DD: 0.7%
2026-02-22 22:18:59,384 [DEBUG] Sleeping 900s until next cycle...
2026-02-22 22:23:27,668 [INFO] ── Cycle 55 at 2026-02-23T06:23:27+00:00 ──
2026-02-22 22:23:30,387 [DEBUG] HYPE/USDC: $27.7890 | regime=ACCUMULATION | ATR%=0.78 | TP=1.25% | Dev=2.08%
2026-02-22 22:23:30,390 [INFO] Equity: $9936.76 (-0.63%) | Cash: $7200.00 | Deals: 1 active, 0 completed | DD: 0.6%
2026-02-22 22:23:30,390 [DEBUG] Sleeping 900s until next cycle...
2026-02-22 22:33:59,893 [INFO] ── Cycle 50 at 2026-02-23T06:33:59+00:00 ──
2026-02-22 22:34:02,363 [DEBUG] HYPE/USDC: $27.7710 | regime=ACCUMULATION | ATR%=0.76 | TP=1.21% | Dev=2.01%
2026-02-22 22:34:02,365 [INFO] Equity: $9933.85 (-0.66%) | Cash: $7200.00 | Deals: 1 active, 0 completed | DD: 0.7%
2026-02-22 22:34:02,367 [DEBUG] Sleeping 900s until next cycle...
2026-02-22 22:38:30,907 [INFO] ── Cycle 56 at 2026-02-23T06:38:30+00:00 ──
2026-02-22 22:38:33,540 [DEBUG] HYPE/USDC: $27.7610 | regime=ACCUMULATION | ATR%=0.77 | TP=1.23% | Dev=2.04%
2026-02-22 22:38:33,543 [INFO] Equity: $9934.00 (-0.66%) | Cash: $7200.00 | Deals: 1 active, 0 completed | DD: 0.7%
2026-02-22 22:38:33,545 [DEBUG] Sleeping 900s until next cycle...
2026-02-22 22:48:35,513 [INFO] ── Cycle 15 at 2026-02-23T06:48:35+00:00 ──
2026-02-22 22:48:38,184 [INFO] 🔄 Regime change for ETH/USDC: ACCUMULATION → TRENDING
2026-02-22 22:48:39,401 [DEBUG] ETH/USDC: $1881.6000 | regime=TRENDING | ATR%=0.94 | TP=2.00% | Dev=3.00%
2026-02-22 22:48:41,026 [DEBUG] SOL/USDC: $79.0880 | regime=TRENDING | ATR%=1.26 | TP=2.00% | Dev=3.00%
2026-02-22 22:48:42,652 [DEBUG] BTC/USDC: $65680.0000 | regime=TRENDING | ATR%=0.77 | TP=1.73% | Dev=3.00%
2026-02-22 22:48:42,770 [INFO] Equity: $9857.89 (-1.42%) | Cash: $4815.17 | Deals: 3 active, 4 completed | DD: 1.6%
2026-02-22 22:48:42,776 [DEBUG] Sleeping 3600s until next cycle...
2026-02-22 22:49:02,937 [INFO] ── Cycle 51 at 2026-02-23T06:49:02+00:00 ──
2026-02-22 22:49:05,215 [DEBUG] HYPE/USDC: $27.8040 | regime=ACCUMULATION | ATR%=0.70 | TP=1.12% | Dev=2.00%
2026-02-22 22:49:05,218 [INFO] Equity: $9937.10 (-0.63%) | Cash: $7200.00 | Deals: 1 active, 0 completed | DD: 0.6%
2026-02-22 22:49:05,219 [DEBUG] Sleeping 900s until next cycle...
2026-02-22 22:53:34,095 [INFO] ── Cycle 57 at 2026-02-23T06:53:34+00:00 ──
2026-02-22 22:53:36,492 [DEBUG] HYPE/USDC: $27.7230 | regime=ACCUMULATION | ATR%=0.71 | TP=1.13% | Dev=2.00%
2026-02-22 22:53:36,495 [INFO] Equity: $9930.26 (-0.70%) | Cash: $7200.00 | Deals: 1 active, 0 completed | DD: 0.7%
2026-02-22 22:53:36,500 [DEBUG] Sleeping 900s until next cycle...
2026-02-22 23:04:05,739 [INFO] ── Cycle 52 at 2026-02-23T07:04:05+00:00 ──
2026-02-22 23:04:08,322 [DEBUG] HYPE/USDC: $27.8750 | regime=ACCUMULATION | ATR%=0.61 | TP=1.00% | Dev=2.00%
2026-02-22 23:04:08,324 [INFO] Equity: $9944.09 (-0.56%) | Cash: $7200.00 | Deals: 1 active, 0 completed | DD: 0.6%
2026-02-22 23:04:08,326 [DEBUG] Sleeping 900s until next cycle...
2026-02-22 23:08:36,982 [INFO] ── Cycle 58 at 2026-02-23T07:08:36+00:00 ──
2026-02-22 23:08:39,576 [DEBUG] HYPE/USDC: $27.8290 | regime=ACCUMULATION | ATR%=0.61 | TP=1.00% | Dev=2.00%
2026-02-22 23:08:39,579 [INFO] Equity: $9940.70 (-0.59%) | Cash: $7200.00 | Deals: 1 active, 0 completed | DD: 0.6%
2026-02-22 23:08:39,580 [DEBUG] Sleeping 900s until next cycle...
2026-02-22 23:19:08,816 [INFO] ── Cycle 53 at 2026-02-23T07:19:08+00:00 ──
2026-02-22 23:19:11,418 [DEBUG] HYPE/USDC: $27.7560 | regime=ACCUMULATION | ATR%=0.62 | TP=1.00% | Dev=2.00%
2026-02-22 23:19:11,421 [INFO] Equity: $9932.37 (-0.68%) | Cash: $7200.00 | Deals: 1 active, 0 completed | DD: 0.7%
2026-02-22 23:19:11,422 [DEBUG] Sleeping 900s until next cycle...
2026-02-22 23:23:40,090 [INFO] ── Cycle 59 at 2026-02-23T07:23:40+00:00 ──
2026-02-22 23:23:42,762 [DEBUG] HYPE/USDC: $27.7160 | regime=ACCUMULATION | ATR%=0.62 | TP=1.00% | Dev=2.00%
2026-02-22 23:23:42,767 [INFO] Equity: $9929.57 (-0.70%) | Cash: $7200.00 | Deals: 1 active, 0 completed | DD: 0.7%
2026-02-22 23:23:42,770 [DEBUG] Sleeping 900s until next cycle...
2026-02-22 23:34:11,916 [INFO] ── Cycle 54 at 2026-02-23T07:34:11+00:00 ──
2026-02-22 23:34:14,385 [DEBUG] HYPE/USDC: $27.6740 | regime=ACCUMULATION | ATR%=0.63 | TP=1.00% | Dev=2.00%
2026-02-22 23:34:14,388 [INFO] Equity: $9924.30 (-0.76%) | Cash: $7200.00 | Deals: 1 active, 0 completed | DD: 0.8%
2026-02-22 23:34:14,389 [DEBUG] Sleeping 900s until next cycle...
2026-02-22 23:38:43,273 [INFO] ── Cycle 60 at 2026-02-23T07:38:43+00:00 ──
2026-02-22 23:38:45,848 [DEBUG] HYPE/USDC: $27.7930 | regime=ACCUMULATION | ATR%=0.65 | TP=1.04% | Dev=2.00%
2026-02-22 23:38:45,849 [INFO] Equity: $9937.15 (-0.63%) | Cash: $7200.00 | Deals: 1 active, 0 completed | DD: 0.6%
2026-02-22 23:38:45,850 [DEBUG] Sleeping 900s until next cycle...
2026-02-22 23:48:44,818 [INFO] ── Cycle 16 at 2026-02-23T07:48:44+00:00 ──
2026-02-22 23:48:47,474 [INFO] 🔄 Regime change for ETH/USDC: TRENDING → ACCUMULATION
2026-02-22 23:48:48,722 [DEBUG] ETH/USDC: $1886.1000 | regime=ACCUMULATION | ATR%=0.91 | TP=1.46% | Dev=2.43%
2026-02-22 23:48:50,402 [DEBUG] SOL/USDC: $79.3480 | regime=TRENDING | ATR%=1.26 | TP=2.00% | Dev=3.00%
2026-02-22 23:48:52,074 [DEBUG] BTC/USDC: $65901.0000 | regime=TRENDING | ATR%=0.76 | TP=1.72% | Dev=3.00%
2026-02-22 23:48:52,183 [INFO] Equity: $9873.52 (-1.26%) | Cash: $4815.17 | Deals: 3 active, 4 completed | DD: 1.4%
2026-02-22 23:48:52,186 [DEBUG] Sleeping 3600s until next cycle...
2026-02-22 23:49:14,900 [INFO] ── Cycle 55 at 2026-02-23T07:49:14+00:00 ──
2026-02-22 23:49:17,201 [DEBUG] HYPE/USDC: $27.7760 | regime=ACCUMULATION | ATR%=0.59 | TP=1.00% | Dev=2.00%
2026-02-22 23:49:17,204 [INFO] Equity: $9934.34 (-0.66%) | Cash: $7200.00 | Deals: 1 active, 0 completed | DD: 0.7%
2026-02-22 23:49:17,206 [DEBUG] Sleeping 900s until next cycle...
2026-02-22 23:53:46,369 [INFO] ── Cycle 61 at 2026-02-23T07:53:46+00:00 ──
2026-02-22 23:53:49,006 [DEBUG] HYPE/USDC: $27.7510 | regime=ACCUMULATION | ATR%=0.60 | TP=1.00% | Dev=2.00%
2026-02-22 23:53:49,010 [INFO] Equity: $9933.01 (-0.67%) | Cash: $7200.00 | Deals: 1 active, 0 completed | DD: 0.7%
2026-02-22 23:53:49,012 [DEBUG] Sleeping 900s until next cycle...
2026-02-23 00:04:17,737 [INFO] ── Cycle 56 at 2026-02-23T08:04:17+00:00 ──
2026-02-23 00:04:20,238 [DEBUG] HYPE/USDC: $27.6340 | regime=ACCUMULATION | ATR%=0.60 | TP=1.00% | Dev=2.00%
2026-02-23 00:04:20,241 [INFO] Equity: $9920.36 (-0.80%) | Cash: $7200.00 | Deals: 1 active, 0 completed | DD: 0.8%
2026-02-23 00:04:20,242 [DEBUG] Sleeping 900s until next cycle...
2026-02-23 00:08:49,517 [INFO] ── Cycle 62 at 2026-02-23T08:08:49+00:00 ──
2026-02-23 00:08:52,126 [DEBUG] HYPE/USDC: $27.5890 | regime=ACCUMULATION | ATR%=0.61 | TP=1.00% | Dev=2.00%
2026-02-23 00:08:52,129 [INFO] Equity: $9917.06 (-0.83%) | Cash: $7200.00 | Deals: 1 active, 0 completed | DD: 0.8%
2026-02-23 00:08:52,131 [DEBUG] Sleeping 900s until next cycle...
2026-02-23 00:19:20,749 [INFO] ── Cycle 57 at 2026-02-23T08:19:20+00:00 ──
2026-02-23 00:19:23,538 [DEBUG] HYPE/USDC: $27.5520 | regime=ACCUMULATION | ATR%=0.57 | TP=1.00% | Dev=2.00%
2026-02-23 00:19:23,540 [INFO] Equity: $9912.29 (-0.88%) | Cash: $7200.00 | Deals: 1 active, 0 completed | DD: 0.9%
2026-02-23 00:19:23,541 [DEBUG] Sleeping 900s until next cycle...
2026-02-23 00:23:52,675 [INFO] ── Cycle 63 at 2026-02-23T08:23:52+00:00 ──
2026-02-23 00:23:55,300 [DEBUG] HYPE/USDC: $27.4620 | regime=ACCUMULATION | ATR%=0.60 | TP=1.00% | Dev=2.00%
2026-02-23 00:23:55,304 [INFO] Equity: $9904.55 (-0.95%) | Cash: $7200.00 | Deals: 1 active, 0 completed | DD: 1.0%
2026-02-23 00:23:55,305 [DEBUG] Sleeping 900s until next cycle...
2026-02-23 00:34:24,344 [INFO] ── Cycle 58 at 2026-02-23T08:34:24+00:00 ──
2026-02-23 00:34:26,430 [INFO] 🔄 Regime change for HYPE/USDC: ACCUMULATION → MILD_TREND
2026-02-23 00:34:27,680 [DEBUG] HYPE/USDC: $27.6240 | regime=MILD_TREND | ATR%=0.61 | TP=1.19% | Dev=2.08%
2026-02-23 00:34:27,698 [INFO] Equity: $9919.38 (-0.81%) | Cash: $7200.00 | Deals: 1 active, 0 completed | DD: 0.8%
2026-02-23 00:34:27,698 [DEBUG] Sleeping 900s until next cycle...
2026-02-23 00:38:56,554 [INFO] ── Cycle 64 at 2026-02-23T08:38:56+00:00 ──
2026-02-23 00:38:59,280 [INFO] 🔄 Regime change for HYPE/USDC: ACCUMULATION → MILD_TREND
2026-02-23 00:39:00,557 [DEBUG] HYPE/USDC: $27.5890 | regime=MILD_TREND | ATR%=0.61 | TP=1.20% | Dev=2.09%
2026-02-23 00:39:00,561 [INFO] Equity: $9917.06 (-0.83%) | Cash: $7200.00 | Deals: 1 active, 0 completed | DD: 0.8%
2026-02-23 00:39:00,563 [DEBUG] Sleeping 900s until next cycle...
2026-02-23 00:48:54,875 [INFO] ── Cycle 17 at 2026-02-23T08:48:54+00:00 ──
2026-02-23 00:48:57,077 [DEBUG] ETH/USDC: $1878.5000 | regime=ACCUMULATION | ATR%=0.94 | TP=1.51% | Dev=2.51%
2026-02-23 00:48:58,306 [DEBUG] SOL/USDC: $78.5720 | regime=TRENDING | ATR%=1.32 | TP=2.00% | Dev=3.00%
2026-02-23 00:48:59,486 [DEBUG] BTC/USDC: $65596.0000 | regime=TRENDING | ATR%=0.80 | TP=1.79% | Dev=3.00%
2026-02-23 00:48:59,554 [INFO] Equity: $9836.83 (-1.63%) | Cash: $4815.17 | Deals: 3 active, 4 completed | DD: 1.8%
2026-02-23 00:48:59,564 [DEBUG] Sleeping 3600s until next cycle...
2026-02-23 00:49:28,203 [INFO] ── Cycle 59 at 2026-02-23T08:49:28+00:00 ──
2026-02-23 00:49:29,846 [INFO] 🔄 Regime change for HYPE/USDC: MILD_TREND → ACCUMULATION
2026-02-23 00:49:31,179 [DEBUG] HYPE/USDC: $27.5120 | regime=ACCUMULATION | ATR%=0.56 | TP=1.00% | Dev=2.00%
2026-02-23 00:49:31,179 [INFO] Equity: $9908.35 (-0.92%) | Cash: $7200.00 | Deals: 1 active, 0 completed | DD: 0.9%
2026-02-23 00:49:31,181 [DEBUG] Sleeping 900s until next cycle...
2026-02-23 00:54:01,032 [INFO] ── Cycle 65 at 2026-02-23T08:54:01+00:00 ──
2026-02-23 00:54:03,256 [INFO] 🔄 Regime change for HYPE/USDC: MILD_TREND → ACCUMULATION
2026-02-23 00:54:04,341 [DEBUG] HYPE/USDC: $27.5310 | regime=ACCUMULATION | ATR%=0.56 | TP=1.00% | Dev=2.00%
2026-02-23 00:54:04,353 [INFO] Equity: $9911.35 (-0.89%) | Cash: $7200.00 | Deals: 1 active, 0 completed | DD: 0.9%
2026-02-23 00:54:04,355 [DEBUG] Sleeping 900s until next cycle...
2026-02-23 01:04:31,628 [INFO] ── Cycle 60 at 2026-02-23T09:04:31+00:00 ──
2026-02-23 01:04:33,726 [DEBUG] HYPE/USDC: $27.6390 | regime=ACCUMULATION | ATR%=0.54 | TP=1.00% | Dev=2.00%
2026-02-23 01:04:33,726 [INFO] Equity: $9920.86 (-0.79%) | Cash: $7200.00 | Deals: 1 active, 0 completed | DD: 0.8%
2026-02-23 01:04:33,728 [DEBUG] Sleeping 900s until next cycle...
2026-02-23 01:09:04,808 [INFO] ── Cycle 66 at 2026-02-23T09:09:04+00:00 ──
2026-02-23 01:09:06,910 [DEBUG] HYPE/USDC: $27.6840 | regime=ACCUMULATION | ATR%=0.55 | TP=1.00% | Dev=2.00%
2026-02-23 01:09:06,910 [INFO] Equity: $9926.42 (-0.74%) | Cash: $7200.00 | Deals: 1 active, 0 completed | DD: 0.7%
2026-02-23 01:09:06,914 [DEBUG] Sleeping 900s until next cycle...
2026-02-23 01:19:34,192 [INFO] ── Cycle 61 at 2026-02-23T09:19:34+00:00 ──
2026-02-23 01:19:36,221 [DEBUG] HYPE/USDC: $27.7130 | regime=ACCUMULATION | ATR%=0.56 | TP=1.00% | Dev=2.00%
2026-02-23 01:19:36,221 [INFO] Equity: $9928.14 (-0.72%) | Cash: $7200.00 | Deals: 1 active, 0 completed | DD: 0.7%
2026-02-23 01:19:36,221 [DEBUG] Sleeping 900s until next cycle...
2026-02-23 01:24:07,374 [INFO] ── Cycle 67 at 2026-02-23T09:24:07+00:00 ──
2026-02-23 01:24:09,442 [DEBUG] HYPE/USDC: $27.6730 | regime=ACCUMULATION | ATR%=0.57 | TP=1.00% | Dev=2.00%
2026-02-23 01:24:09,442 [INFO] Equity: $9925.33 (-0.75%) | Cash: $7200.00 | Deals: 1 active, 0 completed | DD: 0.7%
2026-02-23 01:24:09,442 [DEBUG] Sleeping 900s until next cycle...
2026-02-23 01:34:36,696 [INFO] ── Cycle 62 at 2026-02-23T09:34:36+00:00 ──
2026-02-23 01:34:39,071 [INFO] 🔄 Regime change for HYPE/USDC: ACCUMULATION → MILD_TREND
2026-02-23 01:34:40,305 [DEBUG] HYPE/USDC: $27.9620 | regime=MILD_TREND | ATR%=0.57 | TP=1.12% | Dev=2.00%
2026-02-23 01:34:40,305 [INFO] Equity: $9952.65 (-0.47%) | Cash: $7200.00 | Deals: 1 active, 0 completed | DD: 0.5%
2026-02-23 01:34:40,305 [DEBUG] Sleeping 900s until next cycle...
2026-02-23 01:39:09,903 [INFO] ── Cycle 68 at 2026-02-23T09:39:09+00:00 ──
2026-02-23 01:39:12,139 [INFO] 🔄 Regime change for HYPE/USDC: ACCUMULATION → MILD_TREND
2026-02-23 01:39:13,472 [DEBUG] HYPE/USDC: $28.0190 | regime=MILD_TREND | ATR%=0.58 | TP=1.14% | Dev=2.00%
2026-02-23 01:39:13,474 [INFO] Equity: $9959.41 (-0.41%) | Cash: $7200.00 | Deals: 1 active, 0 completed | DD: 0.4%
2026-02-23 01:39:13,476 [DEBUG] Sleeping 900s until next cycle...
2026-02-23 01:49:01,416 [INFO] ── Cycle 18 at 2026-02-23T09:49:01+00:00 ──
2026-02-23 01:49:04,356 [INFO] 🔄 Regime change for ETH/USDC: ACCUMULATION → TRENDING
2026-02-23 01:49:05,666 [DEBUG] ETH/USDC: $1912.8000 | regime=TRENDING | ATR%=1.05 | TP=2.00% | Dev=3.00%
2026-02-23 01:49:06,867 [DEBUG] SOL/USDC: $80.2020 | regime=TRENDING | ATR%=1.41 | TP=2.00% | Dev=3.00%
2026-02-23 01:49:08,071 [DEBUG] BTC/USDC: $66277.0000 | regime=TRENDING | ATR%=0.86 | TP=1.94% | Dev=3.00%
2026-02-23 01:49:08,142 [INFO] Equity: $9925.98 (-0.74%) | Cash: $4815.17 | Deals: 3 active, 4 completed | DD: 0.9%
2026-02-23 01:49:08,142 [DEBUG] Sleeping 3600s until next cycle...
2026-02-23 01:49:40,767 [INFO] ── Cycle 63 at 2026-02-23T09:49:40+00:00 ──
2026-02-23 01:49:42,838 [INFO] 🔄 Regime change for HYPE/USDC: MILD_TREND → ACCUMULATION
2026-02-23 01:49:43,907 [DEBUG] HYPE/USDC: $28.0740 | regime=ACCUMULATION | ATR%=0.57 | TP=1.00% | Dev=2.00%
2026-02-23 01:49:43,909 [INFO] Equity: $9963.68 (-0.36%) | Cash: $7200.00 | Deals: 1 active, 0 completed | DD: 0.4%
2026-02-23 01:49:43,911 [DEBUG] Sleeping 900s until next cycle...
2026-02-23 01:54:13,926 [INFO] ── Cycle 69 at 2026-02-23T09:54:13+00:00 ──
2026-02-23 01:54:15,971 [DEBUG] HYPE/USDC: $28.1500 | regime=MILD_TREND | ATR%=0.59 | TP=1.16% | Dev=2.02%
2026-02-23 01:54:15,971 [INFO] Equity: $9972.31 (-0.28%) | Cash: $7200.00 | Deals: 1 active, 0 completed | DD: 0.3%
2026-02-23 01:54:15,971 [DEBUG] Sleeping 900s until next cycle...
2026-02-23 02:04:44,369 [INFO] ── Cycle 64 at 2026-02-23T10:04:44+00:00 ──
2026-02-23 02:04:46,453 [INFO] 🔄 Regime change for HYPE/USDC: ACCUMULATION → MILD_TREND
2026-02-23 02:04:47,714 [DEBUG] HYPE/USDC: $28.1430 | regime=MILD_TREND | ATR%=0.57 | TP=1.12% | Dev=2.00%
2026-02-23 02:04:47,718 [INFO] Equity: $9970.47 (-0.30%) | Cash: $7200.00 | Deals: 1 active, 0 completed | DD: 0.3%
2026-02-23 02:04:47,719 [DEBUG] Sleeping 900s until next cycle...
2026-02-23 02:09:16,447 [INFO] ── Cycle 70 at 2026-02-23T10:09:16+00:00 ──
2026-02-23 02:09:18,500 [DEBUG] HYPE/USDC: $28.1190 | regime=MILD_TREND | ATR%=0.57 | TP=1.12% | Dev=2.00%
2026-02-23 02:09:18,502 [INFO] Equity: $9969.26 (-0.31%) | Cash: $7200.00 | Deals: 1 active, 0 completed | DD: 0.3%
2026-02-23 02:09:18,503 [DEBUG] Sleeping 900s until next cycle...
2026-02-23 02:19:48,171 [INFO] ── Cycle 65 at 2026-02-23T10:19:48+00:00 ──
2026-02-23 02:19:50,008 [DEBUG] HYPE/USDC: $28.1100 | regime=MILD_TREND | ATR%=0.55 | TP=1.08% | Dev=2.00%
2026-02-23 02:19:50,010 [INFO] Equity: $9967.22 (-0.33%) | Cash: $7200.00 | Deals: 1 active, 0 completed | DD: 0.3%
2026-02-23 02:19:50,010 [DEBUG] Sleeping 900s until next cycle...
2026-02-23 02:24:18,946 [INFO] ── Cycle 71 at 2026-02-23T10:24:18+00:00 ──
2026-02-23 02:24:21,088 [DEBUG] HYPE/USDC: $28.1050 | regime=MILD_TREND | ATR%=0.56 | TP=1.09% | Dev=2.00%
2026-02-23 02:24:21,102 [INFO] Equity: $9967.88 (-0.32%) | Cash: $7200.00 | Deals: 1 active, 0 completed | DD: 0.3%
2026-02-23 02:24:21,105 [DEBUG] Sleeping 900s until next cycle...
2026-02-23 02:34:50,502 [INFO] ── Cycle 66 at 2026-02-23T10:34:50+00:00 ──
2026-02-23 02:34:52,807 [INFO] 🔄 Regime change for HYPE/USDC: MILD_TREND → ACCUMULATION
2026-02-23 02:34:54,173 [DEBUG] HYPE/USDC: $27.9180 | regime=ACCUMULATION | ATR%=0.56 | TP=1.00% | Dev=2.00%
2026-02-23 02:34:54,178 [INFO] Equity: $9948.32 (-0.52%) | Cash: $7200.00 | Deals: 1 active, 0 completed | DD: 0.5%
2026-02-23 02:34:54,180 [DEBUG] Sleeping 900s until next cycle...
2026-02-23 02:39:21,561 [INFO] ── Cycle 72 at 2026-02-23T10:39:21+00:00 ──
2026-02-23 02:39:23,722 [DEBUG] HYPE/USDC: $27.8550 | regime=MILD_TREND | ATR%=0.58 | TP=1.14% | Dev=2.00%
2026-02-23 02:39:23,722 [INFO] Equity: $9943.26 (-0.57%) | Cash: $7200.00 | Deals: 1 active, 0 completed | DD: 0.6%
2026-02-23 02:39:23,722 [DEBUG] Sleeping 900s until next cycle...
2026-02-23 02:49:09,976 [INFO] ── Cycle 19 at 2026-02-23T10:49:09+00:00 ──
2026-02-23 02:49:12,152 [DEBUG] ETH/USDC: $1914.5000 | regime=TRENDING | ATR%=1.09 | TP=2.00% | Dev=3.00%
2026-02-23 02:49:13,423 [DEBUG] SOL/USDC: $80.1960 | regime=TRENDING | ATR%=1.43 | TP=2.00% | Dev=3.00%
2026-02-23 02:49:14,909 [DEBUG] BTC/USDC: $66280.0000 | regime=TRENDING | ATR%=0.89 | TP=2.00% | Dev=3.00%
2026-02-23 02:49:14,958 [INFO] Equity: $9926.89 (-0.73%) | Cash: $4815.17 | Deals: 3 active, 4 completed | DD: 0.9%
2026-02-23 02:49:14,958 [DEBUG] Sleeping 3600s until next cycle...
2026-02-23 02:49:54,643 [INFO] ── Cycle 67 at 2026-02-23T10:49:54+00:00 ──
2026-02-23 02:49:56,498 [DEBUG] HYPE/USDC: $27.7300 | regime=ACCUMULATION | ATR%=0.59 | TP=1.00% | Dev=2.00%
2026-02-23 02:49:56,500 [INFO] Equity: $9929.82 (-0.70%) | Cash: $7200.00 | Deals: 1 active, 0 completed | DD: 0.7%
2026-02-23 02:49:56,500 [DEBUG] Sleeping 900s until next cycle...
2026-02-23 02:54:24,176 [INFO] ── Cycle 73 at 2026-02-23T10:54:24+00:00 ──
2026-02-23 02:54:26,258 [INFO] 🔄 Regime change for HYPE/USDC: MILD_TREND → ACCUMULATION
2026-02-23 02:54:27,574 [DEBUG] HYPE/USDC: $27.7360 | regime=ACCUMULATION | ATR%=0.59 | TP=1.00% | Dev=2.00%
2026-02-23 02:54:27,578 [INFO] Equity: $9931.54 (-0.68%) | Cash: $7200.00 | Deals: 1 active, 0 completed | DD: 0.7%
2026-02-23 02:54:27,581 [DEBUG] Sleeping 900s until next cycle...
2026-02-23 03:04:56,959 [INFO] ── Cycle 68 at 2026-02-23T11:04:56+00:00 ──
2026-02-23 03:04:59,261 [INFO] 🔄 Regime change for HYPE/USDC: ACCUMULATION → DISTRIBUTION
2026-02-23 03:05:00,610 [DEBUG] HYPE/USDC: $27.7010 | regime=DISTRIBUTION | ATR%=0.58 | TP=1.00% | Dev=2.00%
2026-02-23 03:05:00,614 [INFO] Equity: $9926.96 (-0.73%) | Cash: $7200.00 | Deals: 1 active, 0 completed | DD: 0.7%
2026-02-23 03:05:00,618 [DEBUG] Sleeping 900s until next cycle...
2026-02-23 03:09:28,053 [INFO] ── Cycle 74 at 2026-02-23T11:09:28+00:00 ──
2026-02-23 03:09:30,210 [INFO] 🔄 Regime change for HYPE/USDC: ACCUMULATION → DISTRIBUTION
2026-02-23 03:09:31,683 [DEBUG] HYPE/USDC: $27.7450 | regime=DISTRIBUTION | ATR%=0.58 | TP=1.00% | Dev=2.00%
2026-02-23 03:09:31,688 [INFO] Equity: $9932.42 (-0.68%) | Cash: $7200.00 | Deals: 1 active, 0 completed | DD: 0.7%
2026-02-23 03:09:31,691 [DEBUG] Sleeping 900s until next cycle...
2026-02-23 03:20:01,097 [INFO] ── Cycle 69 at 2026-02-23T11:20:01+00:00 ──
2026-02-23 03:20:03,206 [INFO] 🔄 Regime change for HYPE/USDC: DISTRIBUTION → RANGING
2026-02-23 03:20:04,462 [DEBUG] HYPE/USDC: $27.7930 | regime=RANGING | ATR%=0.58 | TP=1.00% | Dev=2.00%
2026-02-23 03:20:04,466 [INFO] Equity: $9936.02 (-0.64%) | Cash: $7200.00 | Deals: 1 active, 0 completed | DD: 0.6%
2026-02-23 03:20:04,468 [DEBUG] Sleeping 900s until next cycle...
2026-02-23 03:24:32,158 [INFO] ── Cycle 75 at 2026-02-23T11:24:32+00:00 ──
2026-02-23 03:24:34,273 [INFO] 🔄 Regime change for HYPE/USDC: DISTRIBUTION → RANGING
2026-02-23 03:24:35,518 [DEBUG] HYPE/USDC: $27.7150 | regime=RANGING | ATR%=0.59 | TP=1.00% | Dev=2.00%
2026-02-23 03:24:35,518 [INFO] Equity: $9929.47 (-0.71%) | Cash: $7200.00 | Deals: 1 active, 0 completed | DD: 0.7%
2026-02-23 03:24:35,518 [DEBUG] Sleeping 900s until next cycle...
2026-02-23 03:35:04,928 [INFO] ── Cycle 70 at 2026-02-23T11:35:04+00:00 ──
2026-02-23 03:35:07,009 [DEBUG] HYPE/USDC: $27.7470 | regime=RANGING | ATR%=0.57 | TP=1.00% | Dev=2.00%
2026-02-23 03:35:07,009 [INFO] Equity: $9931.49 (-0.69%) | Cash: $7200.00 | Deals: 1 active, 0 completed | DD: 0.7%
2026-02-23 03:35:07,009 [DEBUG] Sleeping 900s until next cycle...
2026-02-23 03:39:35,991 [INFO] ── Cycle 76 at 2026-02-23T11:39:35+00:00 ──
2026-02-23 03:39:38,077 [DEBUG] HYPE/USDC: $27.7270 | regime=RANGING | ATR%=0.57 | TP=1.00% | Dev=2.00%
2026-02-23 03:39:38,080 [INFO] Equity: $9930.65 (-0.69%) | Cash: $7200.00 | Deals: 1 active, 0 completed | DD: 0.7%
2026-02-23 03:39:38,081 [DEBUG] Sleeping 900s until next cycle...
2026-02-23 03:49:16,860 [INFO] ── Cycle 20 at 2026-02-23T11:49:16+00:00 ──
2026-02-23 03:49:18,970 [INFO] 🔄 Regime change for ETH/USDC: TRENDING → ACCUMULATION
2026-02-23 03:49:20,262 [DEBUG] ETH/USDC: $1913.1000 | regime=ACCUMULATION | ATR%=1.09 | TP=1.73% | Dev=2.89%
2026-02-23 03:49:21,470 [DEBUG] SOL/USDC: $80.0070 | regime=TRENDING | ATR%=1.43 | TP=2.00% | Dev=3.00%
2026-02-23 03:49:22,668 [DEBUG] BTC/USDC: $66130.0000 | regime=TRENDING | ATR%=0.91 | TP=2.00% | Dev=3.00%
2026-02-23 03:49:22,717 [INFO] Equity: $9916.88 (-0.83%) | Cash: $4815.17 | Deals: 3 active, 4 completed | DD: 1.0%
2026-02-23 03:49:22,730 [DEBUG] Sleeping 3600s until next cycle...
2026-02-23 03:50:07,471 [INFO] ── Cycle 71 at 2026-02-23T11:50:07+00:00 ──
2026-02-23 03:50:09,336 [INFO] 🔄 Regime change for HYPE/USDC: RANGING → MILD_TREND
2026-02-23 03:50:10,391 [DEBUG] HYPE/USDC: $27.6540 | regime=MILD_TREND | ATR%=0.57 | TP=1.12% | Dev=2.00%
2026-02-23 03:50:10,391 [INFO] Equity: $9922.33 (-0.78%) | Cash: $7200.00 | Deals: 1 active, 0 completed | DD: 0.8%
2026-02-23 03:50:10,397 [DEBUG] Sleeping 900s until next cycle...
2026-02-23 03:54:38,539 [INFO] ── Cycle 77 at 2026-02-23T11:54:38+00:00 ──
2026-02-23 03:54:40,708 [INFO] 🔄 Regime change for HYPE/USDC: RANGING → MILD_TREND
2026-02-23 03:54:42,007 [DEBUG] HYPE/USDC: $27.5780 | regime=MILD_TREND | ATR%=0.59 | TP=1.17% | Dev=2.03%
2026-02-23 03:54:42,007 [INFO] Equity: $9915.98 (-0.84%) | Cash: $7200.00 | Deals: 1 active, 0 completed | DD: 0.8%
2026-02-23 03:54:42,015 [DEBUG] Sleeping 900s until next cycle...
2026-02-23 04:05:10,850 [INFO] ── Cycle 72 at 2026-02-23T12:05:10+00:00 ──
2026-02-23 04:05:12,980 [INFO] 🔄 Regime change for HYPE/USDC: MILD_TREND → RANGING
2026-02-23 04:05:14,257 [DEBUG] HYPE/USDC: $27.5530 | regime=RANGING | ATR%=0.59 | TP=1.00% | Dev=2.00%
2026-02-23 04:05:14,264 [INFO] Equity: $9912.39 (-0.88%) | Cash: $7200.00 | Deals: 1 active, 0 completed | DD: 0.9%
2026-02-23 04:05:14,266 [DEBUG] Sleeping 900s until next cycle...
2026-02-23 04:09:42,483 [INFO] ── Cycle 78 at 2026-02-23T12:09:42+00:00 ──
2026-02-23 04:09:44,633 [INFO] 🔄 Regime change for HYPE/USDC: MILD_TREND → RANGING
2026-02-23 04:09:45,938 [DEBUG] HYPE/USDC: $27.5250 | regime=RANGING | ATR%=0.59 | TP=1.00% | Dev=2.00%
2026-02-23 04:09:45,938 [INFO] Equity: $9910.76 (-0.89%) | Cash: $7200.00 | Deals: 1 active, 0 completed | DD: 0.9%
2026-02-23 04:09:45,952 [DEBUG] Sleeping 900s until next cycle...
2026-02-23 04:20:14,734 [INFO] ── Cycle 73 at 2026-02-23T12:20:14+00:00 ──
2026-02-23 04:20:16,807 [INFO] 🔄 Regime change for HYPE/USDC: RANGING → ACCUMULATION
2026-02-23 04:20:18,101 [DEBUG] HYPE/USDC: $27.3860 | regime=ACCUMULATION | ATR%=0.64 | TP=1.02% | Dev=2.00%
2026-02-23 04:20:18,111 [INFO] Equity: $9895.95 (-1.04%) | Cash: $7200.00 | Deals: 1 active, 0 completed | DD: 1.0%
2026-02-23 04:20:18,111 [DEBUG] Sleeping 900s until next cycle...
2026-02-23 04:24:46,413 [INFO] ── Cycle 79 at 2026-02-23T12:24:46+00:00 ──
2026-02-23 04:24:48,580 [INFO] 🔄 Regime change for HYPE/USDC: RANGING → ACCUMULATION
2026-02-23 04:24:49,861 [DEBUG] HYPE/USDC: $27.4430 | regime=ACCUMULATION | ATR%=0.65 | TP=1.03% | Dev=2.00%
2026-02-23 04:24:49,861 [INFO] Equity: $9902.68 (-0.97%) | Cash: $7200.00 | Deals: 1 active, 0 completed | DD: 1.0%
2026-02-23 04:24:49,868 [DEBUG] Sleeping 900s until next cycle...
2026-02-23 04:35:18,634 [INFO] ── Cycle 74 at 2026-02-23T12:35:18+00:00 ──
2026-02-23 04:35:20,575 [DEBUG] HYPE/USDC: $27.4610 | regime=ACCUMULATION | ATR%=0.61 | TP=1.00% | Dev=2.00%
2026-02-23 04:35:20,577 [INFO] Equity: $9903.33 (-0.97%) | Cash: $7200.00 | Deals: 1 active, 0 completed | DD: 1.0%
2026-02-23 04:35:20,577 [DEBUG] Sleeping 900s until next cycle...
2026-02-23 04:39:50,347 [INFO] ── Cycle 80 at 2026-02-23T12:39:50+00:00 ──
2026-02-23 04:39:52,436 [DEBUG] HYPE/USDC: $27.5950 | regime=ACCUMULATION | ATR%=0.66 | TP=1.06% | Dev=2.00%
2026-02-23 04:39:52,450 [INFO] Equity: $9917.65 (-0.82%) | Cash: $7200.00 | Deals: 1 active, 0 completed | DD: 0.8%
2026-02-23 04:39:52,451 [DEBUG] Sleeping 900s until next cycle...
2026-02-23 04:49:24,579 [INFO] ── Cycle 21 at 2026-02-23T12:49:24+00:00 ──
2026-02-23 04:49:26,775 [INFO] 🔄 Regime change for ETH/USDC: ACCUMULATION → TRENDING
2026-02-23 04:49:28,085 [DEBUG] ETH/USDC: $1922.9000 | regime=TRENDING | ATR%=1.10 | TP=2.00% | Dev=3.00%
2026-02-23 04:49:29,316 [DEBUG] SOL/USDC: $80.7050 | regime=TRENDING | ATR%=1.46 | TP=2.00% | Dev=3.00%
2026-02-23 04:49:30,325 [DEBUG] BTC/USDC: $66368.0000 | regime=TRENDING | ATR%=0.94 | TP=2.00% | Dev=3.00%
2026-02-23 04:49:30,369 [INFO] Equity: $9951.07 (-0.49%) | Cash: $4815.17 | Deals: 3 active, 4 completed | DD: 0.6%
2026-02-23 04:49:30,383 [DEBUG] Sleeping 3600s until next cycle...
2026-02-23 04:50:21,039 [INFO] ── Cycle 75 at 2026-02-23T12:50:21+00:00 ──
2026-02-23 04:50:23,148 [DEBUG] HYPE/USDC: $27.6250 | regime=ACCUMULATION | ATR%=0.66 | TP=1.05% | Dev=2.00%
2026-02-23 04:50:23,150 [INFO] Equity: $9919.48 (-0.81%) | Cash: $7200.00 | Deals: 1 active, 0 completed | DD: 0.8%
2026-02-23 04:50:23,150 [DEBUG] Sleeping 900s until next cycle...
2026-02-23 04:54:52,907 [INFO] ── Cycle 81 at 2026-02-23T12:54:52+00:00 ──
2026-02-23 04:54:54,780 [DEBUG] HYPE/USDC: $27.6730 | regime=ACCUMULATION | ATR%=0.66 | TP=1.05% | Dev=2.00%
2026-02-23 04:54:54,780 [INFO] 📦 DEAL 1 SO3 FILLED: HYPE/USDC @ $27.8663 ($3200.00)
2026-02-23 04:54:56,067 [INFO] Equity: $9901.55 (-0.98%) | Cash: $4000.00 | Deals: 1 active, 0 completed | DD: 1.0%
2026-02-23 04:54:56,069 [DEBUG] Sleeping 900s until next cycle...
2026-02-23 05:05:23,675 [INFO] ── Cycle 76 at 2026-02-23T13:05:23+00:00 ──
2026-02-23 05:05:25,862 [DEBUG] HYPE/USDC: $27.6010 | regime=ACCUMULATION | ATR%=0.60 | TP=1.00% | Dev=2.00%
2026-02-23 05:05:25,862 [INFO] Equity: $9917.12 (-0.83%) | Cash: $7200.00 | Deals: 1 active, 0 completed | DD: 0.8%
2026-02-23 05:05:25,862 [DEBUG] Sleeping 900s until next cycle...
2026-02-23 05:09:56,528 [INFO] ── Cycle 82 at 2026-02-23T13:09:56+00:00 ──
2026-02-23 05:09:58,696 [DEBUG] HYPE/USDC: $27.5910 | regime=ACCUMULATION | ATR%=0.61 | TP=1.00% | Dev=2.00%
2026-02-23 05:09:58,696 [INFO] Equity: $9884.06 (-1.16%) | Cash: $4000.00 | Deals: 1 active, 0 completed | DD: 1.2%
2026-02-23 05:09:58,696 [DEBUG] Sleeping 900s until next cycle...
2026-02-23 05:20:26,438 [INFO] ── Cycle 77 at 2026-02-23T13:20:26+00:00 ──
2026-02-23 05:20:28,711 [DEBUG] HYPE/USDC: $27.4050 | regime=ACCUMULATION | ATR%=0.61 | TP=1.00% | Dev=2.00%
2026-02-23 05:20:28,719 [INFO] Equity: $9897.82 (-1.02%) | Cash: $7200.00 | Deals: 1 active, 0 completed | DD: 1.0%
2026-02-23 05:20:28,719 [DEBUG] Sleeping 900s until next cycle...
2026-02-23 05:24:59,731 [INFO] ── Cycle 83 at 2026-02-23T13:24:59+00:00 ──
2026-02-23 05:25:01,837 [DEBUG] HYPE/USDC: $27.3320 | regime=ACCUMULATION | ATR%=0.63 | TP=1.00% | Dev=2.00%
2026-02-23 05:25:01,838 [INFO] Equity: $9828.83 (-1.71%) | Cash: $4000.00 | Deals: 1 active, 0 completed | DD: 1.7%
2026-02-23 05:25:01,840 [DEBUG] Sleeping 900s until next cycle...
2026-02-23 05:35:29,312 [INFO] ── Cycle 78 at 2026-02-23T13:35:29+00:00 ──
2026-02-23 05:35:31,225 [INFO] 🔄 Regime change for HYPE/USDC: ACCUMULATION → MILD_TREND
2026-02-23 05:35:32,368 [DEBUG] HYPE/USDC: $27.2800 | regime=MILD_TREND | ATR%=0.68 | TP=1.34% | Dev=2.35%
2026-02-23 05:35:32,368 [INFO] Equity: $9885.52 (-1.14%) | Cash: $7200.00 | Deals: 1 active, 0 completed | DD: 1.1%
2026-02-23 05:35:32,368 [DEBUG] Sleeping 900s until next cycle...
2026-02-23 05:40:02,343 [INFO] ── Cycle 84 at 2026-02-23T13:40:02+00:00 ──
2026-02-23 05:40:04,582 [INFO] 🔄 Regime change for HYPE/USDC: ACCUMULATION → MILD_TREND
2026-02-23 05:40:05,729 [DEBUG] HYPE/USDC: $27.2740 | regime=MILD_TREND | ATR%=0.68 | TP=1.34% | Dev=2.35%
2026-02-23 05:40:05,729 [INFO] Equity: $9816.46 (-1.84%) | Cash: $4000.00 | Deals: 1 active, 0 completed | DD: 1.8%
2026-02-23 05:40:05,732 [DEBUG] Sleeping 900s until next cycle...
2026-02-23 05:49:32,649 [INFO] ── Cycle 22 at 2026-02-23T13:49:32+00:00 ──
2026-02-23 05:49:35,027 [INFO] 🔄 Regime change for ETH/USDC: TRENDING → ACCUMULATION
2026-02-23 05:49:36,226 [DEBUG] ETH/USDC: $1928.3000 | regime=ACCUMULATION | ATR%=1.12 | TP=1.78% | Dev=2.97%
2026-02-23 05:49:37,391 [INFO] 🔄 Regime change for SOL/USDC: TRENDING → ACCUMULATION
2026-02-23 05:49:39,087 [DEBUG] SOL/USDC: $80.9020 | regime=ACCUMULATION | ATR%=1.42 | TP=2.00% | Dev=3.00%
2026-02-23 05:49:39,156 [INFO] 📤 DEAL 6 LOT 2 SOLD: SOL/USDC @ $80.9000, PnL=$30.86
2026-02-23 05:49:41,612 [INFO] 🔄 Regime change for BTC/USDC: TRENDING → ACCUMULATION
2026-02-23 05:49:42,743 [DEBUG] BTC/USDC: $66355.0000 | regime=ACCUMULATION | ATR%=0.95 | TP=1.51% | Dev=2.51%
2026-02-23 05:49:42,813 [INFO] Equity: $9960.56 (-0.39%) | Cash: $6446.02 | Deals: 3 active, 4 completed | DD: 0.6%
2026-02-23 05:49:42,817 [DEBUG] Sleeping 3600s until next cycle...
2026-02-23 05:50:33,051 [INFO] ── Cycle 79 at 2026-02-23T13:50:33+00:00 ──
2026-02-23 05:50:35,455 [INFO] 🔄 Regime change for HYPE/USDC: MILD_TREND → ACCUMULATION
2026-02-23 05:50:36,664 [DEBUG] HYPE/USDC: $27.2930 | regime=ACCUMULATION | ATR%=0.67 | TP=1.07% | Dev=2.00%
2026-02-23 05:50:36,664 [INFO] Equity: $9886.80 (-1.13%) | Cash: $7200.00 | Deals: 1 active, 0 completed | DD: 1.1%
2026-02-23 05:50:36,664 [DEBUG] Sleeping 900s until next cycle...
2026-02-23 05:55:06,368 [INFO] ── Cycle 85 at 2026-02-23T13:55:06+00:00 ──
2026-02-23 05:55:08,652 [DEBUG] HYPE/USDC: $27.0850 | regime=MILD_TREND | ATR%=0.75 | TP=1.47% | Dev=2.56%
2026-02-23 05:55:08,655 [INFO] Equity: $9776.15 (-2.24%) | Cash: $4000.00 | Deals: 1 active, 0 completed | DD: 2.2%
2026-02-23 05:55:08,655 [DEBUG] Sleeping 900s until next cycle...
2026-02-23 06:05:37,399 [INFO] ── Cycle 80 at 2026-02-23T14:05:37+00:00 ──
2026-02-23 06:05:39,476 [INFO] 🔄 Regime change for HYPE/USDC: ACCUMULATION → TRENDING
2026-02-23 06:05:40,622 [DEBUG] HYPE/USDC: $26.9360 | regime=TRENDING | ATR%=0.74 | TP=1.67% | Dev=3.00%
2026-02-23 06:05:40,629 [INFO] Equity: $9851.65 (-1.48%) | Cash: $7200.00 | Deals: 1 active, 0 completed | DD: 1.5%
2026-02-23 06:05:40,631 [DEBUG] Sleeping 900s until next cycle...
2026-02-23 06:10:09,099 [INFO] ── Cycle 86 at 2026-02-23T14:10:09+00:00 ──
2026-02-23 06:10:11,373 [INFO] 🔄 Regime change for HYPE/USDC: MILD_TREND → EXTREME
2026-02-23 06:10:13,310 [DEBUG] HYPE/USDC: $26.8070 | regime=EXTREME | ATR%=0.82 | TP=1.07% | Dev=3.00%
2026-02-23 06:10:13,316 [INFO] Equity: $9716.86 (-2.83%) | Cash: $4000.00 | Deals: 1 active, 0 completed | DD: 2.8%
2026-02-23 06:10:13,318 [DEBUG] Sleeping 900s until next cycle...
2026-02-23 06:20:41,099 [INFO] ── Cycle 81 at 2026-02-23T14:20:41+00:00 ──
2026-02-23 06:20:44,338 [DEBUG] HYPE/USDC: $26.7110 | regime=TRENDING | ATR%=0.82 | TP=1.86% | Dev=3.00%
2026-02-23 06:20:44,340 [INFO] Equity: $9829.50 (-1.70%) | Cash: $7200.00 | Deals: 1 active, 0 completed | DD: 1.7%
2026-02-23 06:20:44,340 [DEBUG] Sleeping 900s until next cycle...
2026-02-23 06:25:13,731 [INFO] ── Cycle 87 at 2026-02-23T14:25:13+00:00 ──
2026-02-23 06:25:16,410 [INFO] 🔄 Regime change for HYPE/USDC: EXTREME → ACCUMULATION
2026-02-23 06:25:17,556 [DEBUG] HYPE/USDC: $26.7990 | regime=ACCUMULATION | ATR%=0.84 | TP=1.33% | Dev=2.22%
2026-02-23 06:25:17,558 [INFO] Equity: $9715.16 (-2.85%) | Cash: $4000.00 | Deals: 1 active, 0 completed | DD: 2.8%
2026-02-23 06:25:17,560 [DEBUG] Sleeping 900s until next cycle...
2026-02-23 06:35:44,709 [INFO] ── Cycle 82 at 2026-02-23T14:35:44+00:00 ──
2026-02-23 06:35:46,676 [DEBUG] HYPE/USDC: $26.6910 | regime=TRENDING | ATR%=0.84 | TP=1.90% | Dev=3.00%
2026-02-23 06:35:46,682 [INFO] Equity: $9827.53 (-1.72%) | Cash: $7200.00 | Deals: 1 active, 0 completed | DD: 1.7%
2026-02-23 06:35:46,682 [DEBUG] Sleeping 900s until next cycle...
2026-02-23 06:40:17,934 [INFO] ── Cycle 88 at 2026-02-23T14:40:17+00:00 ──
2026-02-23 06:40:20,246 [DEBUG] HYPE/USDC: $26.6640 | regime=ACCUMULATION | ATR%=0.86 | TP=1.38% | Dev=2.29%
2026-02-23 06:40:20,246 [INFO] Equity: $9686.37 (-3.14%) | Cash: $4000.00 | Deals: 1 active, 0 completed | DD: 3.1%
2026-02-23 06:40:20,250 [DEBUG] Sleeping 900s until next cycle...
2026-02-23 06:49:44,529 [INFO] ── Cycle 23 at 2026-02-23T14:49:44+00:00 ──
2026-02-23 06:49:46,775 [INFO] 🔄 Regime change for ETH/USDC: ACCUMULATION → TRENDING
2026-02-23 06:49:47,875 [DEBUG] ETH/USDC: $1898.5000 | regime=TRENDING | ATR%=1.14 | TP=2.00% | Dev=3.00%
2026-02-23 06:49:49,299 [INFO] 🔄 Regime change for SOL/USDC: ACCUMULATION → TRENDING
2026-02-23 06:49:50,533 [DEBUG] SOL/USDC: $80.0100 | regime=TRENDING | ATR%=1.42 | TP=2.00% | Dev=3.00%
2026-02-23 06:49:51,775 [INFO] 🔄 Regime change for BTC/USDC: ACCUMULATION → TRENDING
2026-02-23 06:49:52,812 [DEBUG] BTC/USDC: $65635.0000 | regime=TRENDING | ATR%=0.93 | TP=2.00% | Dev=3.00%
2026-02-23 06:49:52,869 [INFO] Equity: $9916.72 (-0.83%) | Cash: $6446.02 | Deals: 3 active, 4 completed | DD: 1.0%
2026-02-23 06:49:52,872 [DEBUG] Sleeping 3600s until next cycle...
2026-02-23 06:50:47,086 [INFO] ── Cycle 83 at 2026-02-23T14:50:47+00:00 ──
2026-02-23 06:50:49,145 [DEBUG] HYPE/USDC: $26.6960 | regime=TRENDING | ATR%=0.93 | TP=2.00% | Dev=3.00%
2026-02-23 06:50:49,149 [INFO] Equity: $9828.03 (-1.72%) | Cash: $7200.00 | Deals: 1 active, 0 completed | DD: 1.7%
2026-02-23 06:50:49,151 [DEBUG] Sleeping 900s until next cycle...
2026-02-23 06:55:20,668 [INFO] ── Cycle 89 at 2026-02-23T14:55:20+00:00 ──
2026-02-23 06:55:22,878 [INFO] 🔄 Regime change for HYPE/USDC: ACCUMULATION → TRENDING
2026-02-23 06:55:24,056 [DEBUG] HYPE/USDC: $26.7310 | regime=TRENDING | ATR%=0.92 | TP=2.00% | Dev=3.00%
2026-02-23 06:55:24,063 [INFO] Equity: $9700.66 (-2.99%) | Cash: $4000.00 | Deals: 1 active, 0 completed | DD: 3.0%
2026-02-23 06:55:24,065 [DEBUG] Sleeping 900s until next cycle...
2026-02-23 07:05:49,587 [INFO] ── Cycle 84 at 2026-02-23T15:05:49+00:00 ──
2026-02-23 07:05:51,911 [INFO] 🔄 Regime change for HYPE/USDC: TRENDING → ACCUMULATION
2026-02-23 07:05:52,986 [DEBUG] HYPE/USDC: $26.5080 | regime=ACCUMULATION | ATR%=0.98 | TP=1.57% | Dev=2.62%
2026-02-23 07:05:52,989 [INFO] Equity: $9809.52 (-1.90%) | Cash: $7200.00 | Deals: 1 active, 0 completed | DD: 1.9%
2026-02-23 07:05:52,991 [DEBUG] Sleeping 900s until next cycle...
2026-02-23 07:10:24,587 [INFO] ── Cycle 90 at 2026-02-23T15:10:24+00:00 ──
2026-02-23 07:10:26,766 [DEBUG] HYPE/USDC: $26.4700 | regime=TRENDING | ATR%=1.00 | TP=2.00% | Dev=3.00%
2026-02-23 07:10:26,769 [INFO] Equity: $9644.99 (-3.55%) | Cash: $4000.00 | Deals: 1 active, 0 completed | DD: 3.6%
2026-02-23 07:10:26,770 [DEBUG] Sleeping 900s until next cycle...
2026-02-23 07:20:53,466 [INFO] ── Cycle 85 at 2026-02-23T15:20:53+00:00 ──
2026-02-23 07:20:55,696 [INFO] 🔄 Regime change for HYPE/USDC: ACCUMULATION → TRENDING
2026-02-23 07:20:56,766 [DEBUG] HYPE/USDC: $26.6140 | regime=TRENDING | ATR%=0.99 | TP=2.00% | Dev=3.00%
2026-02-23 07:20:56,769 [INFO] Equity: $9819.95 (-1.80%) | Cash: $7200.00 | Deals: 1 active, 0 completed | DD: 1.8%
2026-02-23 07:20:56,770 [DEBUG] Sleeping 900s until next cycle...
2026-02-23 07:25:27,218 [INFO] ── Cycle 91 at 2026-02-23T15:25:27+00:00 ──
2026-02-23 07:25:29,681 [DEBUG] HYPE/USDC: $26.6080 | regime=TRENDING | ATR%=0.99 | TP=2.00% | Dev=3.00%
2026-02-23 07:25:29,683 [INFO] Equity: $9674.42 (-3.26%) | Cash: $4000.00 | Deals: 1 active, 0 completed | DD: 3.3%
2026-02-23 07:25:29,686 [DEBUG] Sleeping 900s until next cycle...
2026-02-23 07:35:57,183 [INFO] ── Cycle 86 at 2026-02-23T15:35:57+00:00 ──
2026-02-23 07:35:59,391 [DEBUG] HYPE/USDC: $26.6270 | regime=TRENDING | ATR%=0.96 | TP=2.00% | Dev=3.00%
2026-02-23 07:35:59,393 [INFO] Equity: $9821.23 (-1.79%) | Cash: $7200.00 | Deals: 1 active, 0 completed | DD: 1.8%
2026-02-23 07:35:59,394 [DEBUG] Sleeping 900s until next cycle...
2026-02-23 07:40:30,198 [INFO] ── Cycle 92 at 2026-02-23T15:40:30+00:00 ──
2026-02-23 07:40:33,367 [DEBUG] HYPE/USDC: $26.6760 | regime=TRENDING | ATR%=0.98 | TP=2.00% | Dev=3.00%
2026-02-23 07:40:33,370 [INFO] Equity: $9688.93 (-3.11%) | Cash: $4000.00 | Deals: 1 active, 0 completed | DD: 3.1%
2026-02-23 07:40:33,371 [DEBUG] Sleeping 900s until next cycle...
2026-02-23 07:49:54,788 [INFO] ── Cycle 24 at 2026-02-23T15:49:54+00:00 ──
2026-02-23 07:49:57,281 [INFO] 🔄 Regime change for ETH/USDC: TRENDING → ACCUMULATION
2026-02-23 07:49:58,813 [DEBUG] ETH/USDC: $1902.4000 | regime=ACCUMULATION | ATR%=0.88 | TP=1.40% | Dev=2.34%
2026-02-23 07:50:01,618 [INFO] 🔄 Regime change for SOL/USDC: TRENDING → ACCUMULATION
2026-02-23 07:50:02,788 [DEBUG] SOL/USDC: $79.6440 | regime=ACCUMULATION | ATR%=1.10 | TP=1.76% | Dev=2.94%
2026-02-23 07:50:04,276 [INFO] 🔄 Regime change for BTC/USDC: TRENDING → ACCUMULATION
2026-02-23 07:50:05,447 [DEBUG] BTC/USDC: $65802.0000 | regime=ACCUMULATION | ATR%=0.73 | TP=1.16% | Dev=2.00%
2026-02-23 07:50:05,528 [INFO] Equity: $9916.98 (-0.83%) | Cash: $6446.02 | Deals: 3 active, 4 completed | DD: 1.0%
2026-02-23 07:50:05,530 [DEBUG] Sleeping 3600s until next cycle...
2026-02-23 07:50:59,817 [INFO] ── Cycle 87 at 2026-02-23T15:50:59+00:00 ──
2026-02-23 07:51:01,963 [DEBUG] HYPE/USDC: $26.4690 | regime=TRENDING | ATR%=0.97 | TP=2.00% | Dev=3.00%
2026-02-23 07:51:01,965 [INFO] Equity: $9805.68 (-1.94%) | Cash: $7200.00 | Deals: 1 active, 0 completed | DD: 1.9%
2026-02-23 07:51:01,966 [DEBUG] Sleeping 900s until next cycle...
2026-02-23 07:55:33,785 [INFO] ── Cycle 93 at 2026-02-23T15:55:33+00:00 ──
2026-02-23 07:55:42,532 [DEBUG] HYPE/USDC: $26.5690 | regime=TRENDING | ATR%=0.97 | TP=2.00% | Dev=3.00%
2026-02-23 07:55:42,536 [INFO] Equity: $9666.11 (-3.34%) | Cash: $4000.00 | Deals: 1 active, 0 completed | DD: 3.3%
2026-02-23 07:55:42,538 [DEBUG] Sleeping 900s until next cycle...
2026-02-23 08:06:02,383 [INFO] ── Cycle 88 at 2026-02-23T16:06:02+00:00 ──
2026-02-23 08:06:04,796 [DEBUG] HYPE/USDC: $26.3520 | regime=TRENDING | ATR%=1.01 | TP=2.00% | Dev=3.00%
2026-02-23 08:06:04,814 [INFO] Equity: $9794.16 (-2.06%) | Cash: $7200.00 | Deals: 1 active, 0 completed | DD: 2.1%
2026-02-23 08:06:04,816 [DEBUG] Sleeping 900s until next cycle...
2026-02-23 08:10:42,942 [INFO] ── Cycle 94 at 2026-02-23T16:10:42+00:00 ──
2026-02-23 08:10:45,481 [INFO] 🔄 Regime change for HYPE/USDC: TRENDING → ACCUMULATION
2026-02-23 08:10:46,941 [DEBUG] HYPE/USDC: $26.4230 | regime=ACCUMULATION | ATR%=1.01 | TP=1.60% | Dev=2.67%
2026-02-23 08:10:46,943 [INFO] Equity: $9634.97 (-3.65%) | Cash: $4000.00 | Deals: 1 active, 0 completed | DD: 3.7%
2026-02-23 08:10:46,945 [DEBUG] Sleeping 900s until next cycle...
2026-02-23 08:21:05,293 [INFO] ── Cycle 89 at 2026-02-23T16:21:05+00:00 ──
2026-02-23 08:21:07,524 [DEBUG] HYPE/USDC: $26.4900 | regime=TRENDING | ATR%=1.04 | TP=2.00% | Dev=3.00%
2026-02-23 08:21:07,528 [INFO] Equity: $9807.75 (-1.92%) | Cash: $7200.00 | Deals: 1 active, 0 completed | DD: 1.9%
2026-02-23 08:21:07,530 [DEBUG] Sleeping 900s until next cycle...
2026-02-23 08:25:47,432 [INFO] ── Cycle 95 at 2026-02-23T16:25:47+00:00 ──
2026-02-23 08:25:50,068 [INFO] 🔄 Regime change for HYPE/USDC: ACCUMULATION → TRENDING
2026-02-23 08:25:51,185 [DEBUG] HYPE/USDC: $26.5290 | regime=TRENDING | ATR%=1.04 | TP=2.00% | Dev=3.00%
2026-02-23 08:25:51,189 [INFO] Equity: $9657.58 (-3.42%) | Cash: $4000.00 | Deals: 1 active, 0 completed | DD: 3.4%
2026-02-23 08:25:51,190 [DEBUG] Sleeping 900s until next cycle...
2026-02-23 08:36:08,384 [INFO] ── Cycle 90 at 2026-02-23T16:36:08+00:00 ──
2026-02-23 08:36:10,652 [DEBUG] HYPE/USDC: $26.6190 | regime=TRENDING | ATR%=1.01 | TP=2.00% | Dev=3.00%
2026-02-23 08:36:10,654 [INFO] Equity: $9820.45 (-1.80%) | Cash: $7200.00 | Deals: 1 active, 0 completed | DD: 1.8%
2026-02-23 08:36:10,656 [DEBUG] Sleeping 900s until next cycle...
2026-02-23 08:40:52,161 [INFO] ── Cycle 96 at 2026-02-23T16:40:52+00:00 ──
2026-02-23 08:40:54,412 [DEBUG] HYPE/USDC: $26.6410 | regime=TRENDING | ATR%=1.04 | TP=2.00% | Dev=3.00%
2026-02-23 08:40:54,414 [INFO] Equity: $9681.46 (-3.19%) | Cash: $4000.00 | Deals: 1 active, 0 completed | DD: 3.2%
2026-02-23 08:40:54,417 [DEBUG] Sleeping 900s until next cycle...
2026-02-23 08:50:08,615 [INFO] ── Cycle 25 at 2026-02-23T16:50:08+00:00 ──
2026-02-23 08:50:13,714 [DEBUG] ETH/USDC: $1887.4000 | regime=ACCUMULATION | ATR%=0.91 | TP=1.46% | Dev=2.43%
2026-02-23 08:50:15,570 [DEBUG] SOL/USDC: $78.9670 | regime=ACCUMULATION | ATR%=1.15 | TP=1.83% | Dev=3.00%
2026-02-23 08:50:17,468 [DEBUG] BTC/USDC: $65399.0000 | regime=ACCUMULATION | ATR%=0.74 | TP=1.19% | Dev=2.00%
2026-02-23 08:50:17,608 [INFO] Equity: $9890.99 (-1.09%) | Cash: $6446.02 | Deals: 3 active, 4 completed | DD: 1.2%
2026-02-23 08:50:17,638 [DEBUG] Sleeping 3600s until next cycle...
2026-02-23 08:51:12,387 [INFO] ── Cycle 91 at 2026-02-23T16:51:12+00:00 ──
2026-02-23 08:51:14,718 [DEBUG] HYPE/USDC: $26.4570 | regime=TRENDING | ATR%=1.05 | TP=2.00% | Dev=3.00%
2026-02-23 08:51:14,721 [INFO] Equity: $9804.50 (-1.96%) | Cash: $7200.00 | Deals: 1 active, 0 completed | DD: 2.0%
2026-02-23 08:51:14,722 [DEBUG] Sleeping 900s until next cycle...
2026-02-23 08:55:55,534 [INFO] ── Cycle 97 at 2026-02-23T16:55:55+00:00 ──
2026-02-23 08:55:57,683 [DEBUG] HYPE/USDC: $26.3960 | regime=TRENDING | ATR%=1.07 | TP=2.00% | Dev=3.00%
2026-02-23 08:55:57,685 [INFO] Equity: $9629.21 (-3.71%) | Cash: $4000.00 | Deals: 1 active, 0 completed | DD: 3.7%
2026-02-23 08:55:57,686 [DEBUG] Sleeping 900s until next cycle...
2026-02-23 09:02:59,928 [INFO] ============================================================
2026-02-23 09:02:59,929 [INFO] Spot PAPER Trader starting
2026-02-23 09:02:59,929 [INFO] Exchange: hyperliquid | Profile: medium | Capital: $10000
2026-02-23 09:02:59,929 [INFO] Symbols: ['HYPE/USDC'] | Timeframe: 15m | Max coins: 3
2026-02-23 09:02:59,929 [INFO] ============================================================
2026-02-23 09:02:59,943 [INFO] Connected to hyperliquid
2026-02-23 09:02:59,957 [INFO] State loaded: cash=$4000.00, 1 active deals, 0 completed, symbols=['HYPE/USDC'], live=False
2026-02-23 09:03:01,203 [INFO] ── Cycle 1 at 2026-02-23T17:03:01+00:00 ──
2026-02-23 09:03:14,329 [DEBUG] HYPE/USDC: $26.3280 | regime=ACCUMULATION | ATR%=1.03 | TP=1.64% | Dev=2.73%
2026-02-23 09:03:14,329 [INFO] Equity: $9614.71 (-3.85%) | Cash: $4000.00 | Deals: 1 active, 0 completed | DD: 3.9%
2026-02-23 09:03:14,329 [DEBUG] Sleeping 900s until next cycle...
2026-02-23 09:06:15,569 [INFO] ── Cycle 92 at 2026-02-23T17:06:15+00:00 ──
2026-02-23 09:06:18,212 [INFO] 🔄 Regime change for HYPE/USDC: TRENDING → ACCUMULATION
2026-02-23 09:06:19,290 [DEBUG] HYPE/USDC: $26.2830 | regime=ACCUMULATION | ATR%=1.05 | TP=1.68% | Dev=2.80%
2026-02-23 09:06:19,295 [INFO] Equity: $9787.37 (-2.13%) | Cash: $7200.00 | Deals: 1 active, 0 completed | DD: 2.1%
2026-02-23 09:06:19,299 [DEBUG] Sleeping 900s until next cycle...
2026-02-23 09:10:58,591 [INFO] ── Cycle 98 at 2026-02-23T17:10:58+00:00 ──
2026-02-23 09:11:00,820 [INFO] 🔄 Regime change for HYPE/USDC: TRENDING → ACCUMULATION
2026-02-23 09:11:03,056 [DEBUG] HYPE/USDC: $26.2600 | regime=ACCUMULATION | ATR%=1.06 | TP=1.68% | Dev=2.80%
2026-02-23 09:11:03,070 [INFO] Equity: $9600.21 (-4.00%) | Cash: $4000.00 | Deals: 1 active, 0 completed | DD: 4.0%
2026-02-23 09:11:03,070 [DEBUG] Sleeping 900s until next cycle...
2026-02-23 09:18:15,324 [INFO] ── Cycle 2 at 2026-02-23T17:18:15+00:00 ──
2026-02-23 09:18:17,938 [DEBUG] HYPE/USDC: $26.2670 | regime=ACCUMULATION | ATR%=1.00 | TP=1.59% | Dev=2.66%
2026-02-23 09:18:17,952 [INFO] Equity: $9601.70 (-3.98%) | Cash: $4000.00 | Deals: 1 active, 0 completed | DD: 4.0%
2026-02-23 09:18:17,960 [DEBUG] Sleeping 900s until next cycle...
2026-02-23 09:21:20,009 [INFO] ── Cycle 93 at 2026-02-23T17:21:19+00:00 ──
2026-02-23 09:21:23,480 [DEBUG] HYPE/USDC: $26.1700 | regime=ACCUMULATION | ATR%=1.02 | TP=1.63% | Dev=2.72%
2026-02-23 09:21:23,480 [INFO] 📦 DEAL 1 SO3 FILLED: HYPE/USDC @ $26.2621 ($3200.00)
2026-02-23 09:21:24,788 [INFO] Equity: $9763.43 (-2.37%) | Cash: $4000.00 | Deals: 1 active, 0 completed | DD: 2.4%
2026-02-23 09:21:24,790 [DEBUG] Sleeping 900s until next cycle...
2026-02-23 09:26:03,920 [INFO] ── Cycle 99 at 2026-02-23T17:26:03+00:00 ──
2026-02-23 09:26:06,524 [DEBUG] HYPE/USDC: $26.1430 | regime=ACCUMULATION | ATR%=1.03 | TP=1.64% | Dev=2.73%
2026-02-23 09:26:06,524 [INFO] Equity: $9575.26 (-4.25%) | Cash: $4000.00 | Deals: 1 active, 0 completed | DD: 4.2%
2026-02-23 09:26:06,530 [DEBUG] Sleeping 900s until next cycle...
2026-02-23 09:33:18,911 [INFO] ── Cycle 3 at 2026-02-23T17:33:18+00:00 ──
2026-02-23 09:33:21,485 [DEBUG] HYPE/USDC: $26.0710 | regime=ACCUMULATION | ATR%=0.96 | TP=1.53% | Dev=2.54%
2026-02-23 09:33:21,485 [INFO] Equity: $9559.90 (-4.40%) | Cash: $4000.00 | Deals: 1 active, 0 completed | DD: 4.4%
2026-02-23 09:33:21,491 [DEBUG] Sleeping 900s until next cycle...
2026-02-23 09:36:25,326 [INFO] ── Cycle 94 at 2026-02-23T17:36:25+00:00 ──
2026-02-23 09:36:27,789 [INFO] 🔄 Regime change for HYPE/USDC: ACCUMULATION → TRENDING
2026-02-23 09:36:28,967 [DEBUG] HYPE/USDC: $25.8440 | regime=TRENDING | ATR%=1.03 | TP=2.00% | Dev=3.00%
2026-02-23 09:36:28,968 [INFO] Equity: $9691.63 (-3.08%) | Cash: $4000.00 | Deals: 1 active, 0 completed | DD: 3.1%
2026-02-23 09:36:28,975 [DEBUG] Sleeping 900s until next cycle...
2026-02-23 09:41:07,139 [INFO] ── Cycle 100 at 2026-02-23T17:41:07+00:00 ──
2026-02-23 09:41:09,702 [INFO] 🔄 Regime change for HYPE/USDC: ACCUMULATION → TRENDING
2026-02-23 09:41:10,932 [DEBUG] HYPE/USDC: $25.9840 | regime=TRENDING | ATR%=1.04 | TP=2.00% | Dev=3.00%
2026-02-23 09:41:10,932 [INFO] Equity: $9541.35 (-4.59%) | Cash: $4000.00 | Deals: 1 active, 0 completed | DD: 4.6%
2026-02-23 09:41:10,940 [DEBUG] Sleeping 900s until next cycle...
2026-02-23 09:48:22,221 [INFO] ── Cycle 4 at 2026-02-23T17:48:22+00:00 ──
2026-02-23 09:48:24,948 [DEBUG] HYPE/USDC: $25.8750 | regime=ACCUMULATION | ATR%=1.04 | TP=1.66% | Dev=2.76%
2026-02-23 09:48:24,954 [INFO] Equity: $9518.11 (-4.82%) | Cash: $4000.00 | Deals: 1 active, 0 completed | DD: 4.8%
2026-02-23 09:48:24,955 [DEBUG] Sleeping 900s until next cycle...
2026-02-23 09:50:20,836 [INFO] ── Cycle 26 at 2026-02-23T17:50:20+00:00 ──
2026-02-23 09:50:22,962 [DEBUG] ETH/USDC: $1848.5000 | regime=ACCUMULATION | ATR%=1.05 | TP=1.67% | Dev=2.78%
2026-02-23 09:50:24,354 [INFO] 🔄 Regime change for SOL/USDC: ACCUMULATION → TRENDING
2026-02-23 09:50:25,535 [DEBUG] SOL/USDC: $77.7770 | regime=TRENDING | ATR%=1.21 | TP=2.00% | Dev=3.00%
2026-02-23 09:50:27,105 [INFO] 🔄 Regime change for BTC/USDC: ACCUMULATION → TRENDING
2026-02-23 09:50:28,309 [DEBUG] BTC/USDC: $64443.0000 | regime=TRENDING | ATR%=0.84 | TP=1.89% | Dev=3.00%
2026-02-23 09:50:28,379 [INFO] Equity: $9833.12 (-1.67%) | Cash: $6446.02 | Deals: 3 active, 4 completed | DD: 1.8%
2026-02-23 09:50:28,379 [DEBUG] Sleeping 3600s until next cycle...
2026-02-23 09:51:29,603 [INFO] ── Cycle 95 at 2026-02-23T17:51:29+00:00 ──
2026-02-23 09:51:32,012 [DEBUG] HYPE/USDC: $25.6510 | regime=TRENDING | ATR%=1.11 | TP=2.00% | Dev=3.00%
2026-02-23 09:51:32,014 [INFO] Equity: $9649.13 (-3.51%) | Cash: $4000.00 | Deals: 1 active, 0 completed | DD: 3.5%
2026-02-23 09:51:32,014 [DEBUG] Sleeping 900s until next cycle...
2026-02-23 09:56:11,778 [INFO] ── Cycle 101 at 2026-02-23T17:56:11+00:00 ──
2026-02-23 09:56:14,452 [INFO] 🔄 Regime change for HYPE/USDC: TRENDING → ACCUMULATION
2026-02-23 09:56:15,853 [DEBUG] HYPE/USDC: $25.9990 | regime=ACCUMULATION | ATR%=1.09 | TP=1.74% | Dev=2.91%
2026-02-23 09:56:15,858 [INFO] Equity: $9544.55 (-4.55%) | Cash: $4000.00 | Deals: 1 active, 0 completed | DD: 4.6%
2026-02-23 09:56:15,861 [DEBUG] Sleeping 900s until next cycle...
2026-02-23 10:03:25,678 [INFO] ── Cycle 5 at 2026-02-23T18:03:25+00:00 ──
2026-02-23 10:03:28,396 [DEBUG] HYPE/USDC: $25.9930 | regime=ACCUMULATION | ATR%=1.07 | TP=1.71% | Dev=2.85%
2026-02-23 10:03:28,402 [INFO] Equity: $9543.27 (-4.57%) | Cash: $4000.00 | Deals: 1 active, 0 completed | DD: 4.6%
2026-02-23 10:03:28,404 [DEBUG] Sleeping 900s until next cycle...
2026-02-23 10:06:33,406 [INFO] ── Cycle 96 at 2026-02-23T18:06:33+00:00 ──
2026-02-23 10:06:36,137 [INFO] 🔄 Regime change for HYPE/USDC: TRENDING → ACCUMULATION
2026-02-23 10:06:37,300 [DEBUG] HYPE/USDC: $25.9540 | regime=ACCUMULATION | ATR%=1.08 | TP=1.73% | Dev=2.88%
2026-02-23 10:06:37,303 [INFO] Equity: $9715.86 (-2.84%) | Cash: $4000.00 | Deals: 1 active, 0 completed | DD: 2.8%
2026-02-23 10:06:37,303 [DEBUG] Sleeping 900s until next cycle...
2026-02-23 10:11:16,600 [INFO] ── Cycle 102 at 2026-02-23T18:11:16+00:00 ──
2026-02-23 10:11:20,611 [DEBUG] HYPE/USDC: $26.1150 | regime=ACCUMULATION | ATR%=1.08 | TP=1.73% | Dev=2.88%
2026-02-23 10:11:20,613 [INFO] Equity: $9569.29 (-4.31%) | Cash: $4000.00 | Deals: 1 active, 0 completed | DD: 4.3%
2026-02-23 10:11:20,614 [DEBUG] Sleeping 900s until next cycle...
2026-02-23 10:21:38,043 [INFO] ── Cycle 97 at 2026-02-23T18:21:38+00:00 ──
2026-02-23 10:21:40,329 [DEBUG] HYPE/USDC: $25.9460 | regime=ACCUMULATION | ATR%=1.05 | TP=1.68% | Dev=2.79%
2026-02-23 10:21:40,335 [INFO] Equity: $9714.10 (-2.86%) | Cash: $4000.00 | Deals: 1 active, 0 completed | DD: 2.9%
2026-02-23 10:21:40,337 [DEBUG] Sleeping 900s until next cycle...
2026-02-23 10:26:21,298 [INFO] ── Cycle 103 at 2026-02-23T18:26:21+00:00 ──
2026-02-23 10:26:23,491 [DEBUG] HYPE/USDC: $26.0700 | regime=ACCUMULATION | ATR%=1.07 | TP=1.71% | Dev=2.85%
2026-02-23 10:26:23,494 [INFO] Equity: $9559.69 (-4.40%) | Cash: $4000.00 | Deals: 1 active, 0 completed | DD: 4.4%
2026-02-23 10:26:23,496 [DEBUG] Sleeping 900s until next cycle...
2026-02-23 10:36:41,286 [INFO] ── Cycle 98 at 2026-02-23T18:36:41+00:00 ──
2026-02-23 10:36:43,692 [INFO] 🔄 Regime change for HYPE/USDC: ACCUMULATION → TRENDING
2026-02-23 10:36:44,947 [DEBUG] HYPE/USDC: $26.2840 | regime=TRENDING | ATR%=1.08 | TP=2.00% | Dev=3.00%
2026-02-23 10:36:44,952 [INFO] Equity: $9788.54 (-2.11%) | Cash: $4000.00 | Deals: 1 active, 0 completed | DD: 2.1%
2026-02-23 10:36:44,952 [DEBUG] Sleeping 900s until next cycle...
2026-02-23 10:41:24,366 [INFO] ── Cycle 104 at 2026-02-23T18:41:24+00:00 ──
2026-02-23 10:41:26,549 [INFO] 🔄 Regime change for HYPE/USDC: ACCUMULATION → TRENDING
2026-02-23 10:41:27,990 [DEBUG] HYPE/USDC: $26.2850 | regime=TRENDING | ATR%=1.09 | TP=2.00% | Dev=3.00%
2026-02-23 10:41:27,992 [INFO] Equity: $9605.54 (-3.94%) | Cash: $4000.00 | Deals: 1 active, 0 completed | DD: 3.9%
2026-02-23 10:41:27,994 [DEBUG] Sleeping 900s until next cycle...
2026-02-23 10:50:31,202 [INFO] ── Cycle 27 at 2026-02-23T18:50:31+00:00 ──
2026-02-23 10:50:33,599 [DEBUG] ETH/USDC: $1865.1000 | regime=ACCUMULATION | ATR%=1.08 | TP=1.73% | Dev=2.88%
2026-02-23 10:50:34,958 [INFO] 🔄 Regime change for SOL/USDC: TRENDING → MILD_TREND
2026-02-23 10:50:36,110 [DEBUG] SOL/USDC: $78.9720 | regime=MILD_TREND | ATR%=1.29 | TP=2.00% | Dev=3.00%
2026-02-23 10:50:37,592 [INFO] 🔄 Regime change for BTC/USDC: TRENDING → ACCUMULATION
2026-02-23 10:50:38,736 [DEBUG] BTC/USDC: $64788.0000 | regime=ACCUMULATION | ATR%=0.88 | TP=1.40% | Dev=2.33%
2026-02-23 10:50:38,830 [INFO] Equity: $9866.34 (-1.34%) | Cash: $6446.02 | Deals: 3 active, 4 completed | DD: 1.5%
2026-02-23 10:50:38,834 [DEBUG] Sleeping 3600s until next cycle...
2026-02-23 10:51:45,511 [INFO] ── Cycle 99 at 2026-02-23T18:51:45+00:00 ──
2026-02-23 10:51:47,973 [INFO] 🔄 Regime change for HYPE/USDC: TRENDING → ACCUMULATION
2026-02-23 10:51:49,114 [DEBUG] HYPE/USDC: $26.3630 | regime=ACCUMULATION | ATR%=1.07 | TP=1.71% | Dev=2.85%
2026-02-23 10:51:49,117 [INFO] Equity: $9805.93 (-1.94%) | Cash: $4000.00 | Deals: 1 active, 0 completed | DD: 1.9%
2026-02-23 10:51:49,118 [DEBUG] Sleeping 900s until next cycle...
2026-02-23 10:56:28,474 [INFO] ── Cycle 105 at 2026-02-23T18:56:28+00:00 ──
2026-02-23 10:56:31,318 [INFO] 🔄 Regime change for HYPE/USDC: TRENDING → ACCUMULATION
2026-02-23 10:56:32,434 [DEBUG] HYPE/USDC: $26.3870 | regime=ACCUMULATION | ATR%=1.08 | TP=1.71% | Dev=2.86%
2026-02-23 10:56:32,438 [INFO] Equity: $9627.29 (-3.73%) | Cash: $4000.00 | Deals: 1 active, 0 completed | DD: 3.7%
2026-02-23 10:56:32,438 [DEBUG] Sleeping 900s until next cycle...
2026-02-23 11:06:49,710 [INFO] ── Cycle 100 at 2026-02-23T19:06:49+00:00 ──
2026-02-23 11:06:52,058 [DEBUG] HYPE/USDC: $26.3580 | regime=ACCUMULATION | ATR%=1.11 | TP=1.77% | Dev=2.95%
2026-02-23 11:06:52,061 [INFO] Equity: $9804.83 (-1.95%) | Cash: $4000.00 | Deals: 1 active, 0 completed | DD: 2.0%
2026-02-23 11:06:52,063 [DEBUG] Sleeping 900s until next cycle...
2026-02-23 11:11:32,996 [INFO] ── Cycle 106 at 2026-02-23T19:11:32+00:00 ──
2026-02-23 11:11:35,348 [DEBUG] HYPE/USDC: $26.3810 | regime=ACCUMULATION | ATR%=1.11 | TP=1.77% | Dev=2.95%
2026-02-23 11:11:35,349 [INFO] Equity: $9626.01 (-3.74%) | Cash: $4000.00 | Deals: 1 active, 0 completed | DD: 3.7%
2026-02-23 11:11:35,350 [DEBUG] Sleeping 900s until next cycle...
2026-02-23 11:21:52,580 [INFO] ── Cycle 101 at 2026-02-23T19:21:52+00:00 ──
2026-02-23 11:21:56,105 [DEBUG] HYPE/USDC: $26.2780 | regime=ACCUMULATION | ATR%=1.10 | TP=1.75% | Dev=2.92%
2026-02-23 11:21:56,109 [INFO] Equity: $9787.21 (-2.13%) | Cash: $4000.00 | Deals: 1 active, 0 completed | DD: 2.1%
2026-02-23 11:21:56,111 [DEBUG] Sleeping 900s until next cycle...
2026-02-23 11:26:36,144 [INFO] ── Cycle 107 at 2026-02-23T19:26:36+00:00 ──
2026-02-23 11:26:38,480 [DEBUG] HYPE/USDC: $26.2760 | regime=ACCUMULATION | ATR%=1.10 | TP=1.76% | Dev=2.93%
2026-02-23 11:26:38,483 [INFO] Equity: $9603.62 (-3.96%) | Cash: $4000.00 | Deals: 1 active, 0 completed | DD: 4.0%
2026-02-23 11:26:38,485 [DEBUG] Sleeping 900s until next cycle...
2026-02-23 11:36:57,028 [INFO] ── Cycle 102 at 2026-02-23T19:36:57+00:00 ──
2026-02-23 11:36:59,627 [INFO] 🔄 Regime change for HYPE/USDC: ACCUMULATION → TRENDING
2026-02-23 11:37:00,803 [DEBUG] HYPE/USDC: $26.2120 | regime=TRENDING | ATR%=1.05 | TP=2.00% | Dev=3.00%
2026-02-23 11:37:00,807 [INFO] Equity: $9772.68 (-2.27%) | Cash: $4000.00 | Deals: 1 active, 0 completed | DD: 2.3%
2026-02-23 11:37:00,809 [DEBUG] Sleeping 900s until next cycle...
2026-02-23 11:41:38,964 [INFO] ── Cycle 108 at 2026-02-23T19:41:38+00:00 ──
2026-02-23 11:41:41,393 [INFO] 🔄 Regime change for HYPE/USDC: ACCUMULATION → TRENDING
2026-02-23 11:41:42,614 [DEBUG] HYPE/USDC: $26.2780 | regime=TRENDING | ATR%=1.05 | TP=2.00% | Dev=3.00%
2026-02-23 11:41:42,614 [INFO] Equity: $9604.05 (-3.96%) | Cash: $4000.00 | Deals: 1 active, 0 completed | DD: 4.0%
2026-02-23 11:41:42,619 [DEBUG] Sleeping 900s until next cycle...
2026-02-23 11:50:41,557 [INFO] ── Cycle 28 at 2026-02-23T19:50:41+00:00 ──
2026-02-23 11:50:44,016 [INFO] 🔄 Regime change for ETH/USDC: ACCUMULATION → MILD_TREND
2026-02-23 11:50:45,470 [DEBUG] ETH/USDC: $1852.3000 | regime=MILD_TREND | ATR%=1.12 | TP=2.00% | Dev=3.00%
2026-02-23 11:50:46,994 [INFO] 🔄 Regime change for SOL/USDC: MILD_TREND → ACCUMULATION
2026-02-23 11:50:48,160 [DEBUG] SOL/USDC: $78.0720 | regime=ACCUMULATION | ATR%=1.32 | TP=2.00% | Dev=3.00%
2026-02-23 11:50:49,568 [INFO] 🔄 Regime change for BTC/USDC: ACCUMULATION → MILD_TREND
2026-02-23 11:50:50,764 [DEBUG] BTC/USDC: $64139.0000 | regime=MILD_TREND | ATR%=0.93 | TP=1.82% | Dev=3.00%
2026-02-23 11:50:50,858 [INFO] Equity: $9834.19 (-1.66%) | Cash: $6446.02 | Deals: 3 active, 4 completed | DD: 1.8%
2026-02-23 11:50:50,860 [DEBUG] Sleeping 3600s until next cycle...
2026-02-23 11:52:01,262 [INFO] ── Cycle 103 at 2026-02-23T19:52:01+00:00 ──
2026-02-23 11:52:03,634 [INFO] 🔄 Regime change for HYPE/USDC: TRENDING → ACCUMULATION
2026-02-23 11:52:04,738 [DEBUG] HYPE/USDC: $26.3130 | regime=ACCUMULATION | ATR%=1.01 | TP=1.61% | Dev=2.68%
2026-02-23 11:52:04,742 [INFO] Equity: $9794.92 (-2.05%) | Cash: $4000.00 | Deals: 1 active, 0 completed | DD: 2.1%
2026-02-23 11:52:04,744 [DEBUG] Sleeping 900s until next cycle...
2026-02-23 11:56:43,072 [INFO] ── Cycle 109 at 2026-02-23T19:56:43+00:00 ──
2026-02-23 11:56:45,431 [INFO] 🔄 Regime change for HYPE/USDC: TRENDING → ACCUMULATION
2026-02-23 11:56:46,622 [DEBUG] HYPE/USDC: $26.3150 | regime=ACCUMULATION | ATR%=1.01 | TP=1.61% | Dev=2.68%
2026-02-23 11:56:46,625 [INFO] Equity: $9611.94 (-3.88%) | Cash: $4000.00 | Deals: 1 active, 0 completed | DD: 3.9%
2026-02-23 11:56:46,626 [DEBUG] Sleeping 900s until next cycle...
2026-02-23 12:07:05,407 [INFO] ── Cycle 104 at 2026-02-23T20:07:05+00:00 ──
2026-02-23 12:07:08,040 [INFO] 🔄 Regime change for HYPE/USDC: ACCUMULATION → TRENDING
2026-02-23 12:07:09,321 [DEBUG] HYPE/USDC: $26.3940 | regime=TRENDING | ATR%=1.03 | TP=2.00% | Dev=3.00%
2026-02-23 12:07:09,323 [INFO] Equity: $9812.76 (-1.87%) | Cash: $4000.00 | Deals: 1 active, 0 completed | DD: 1.9%
2026-02-23 12:07:09,323 [DEBUG] Sleeping 900s until next cycle...
2026-02-23 12:11:47,256 [INFO] ── Cycle 110 at 2026-02-23T20:11:47+00:00 ──
2026-02-23 12:11:50,593 [INFO] 🔄 Regime change for HYPE/USDC: ACCUMULATION → TRENDING
2026-02-23 12:11:51,995 [DEBUG] HYPE/USDC: $26.4120 | regime=TRENDING | ATR%=1.02 | TP=2.00% | Dev=3.00%
2026-02-23 12:11:51,998 [INFO] Equity: $9632.63 (-3.67%) | Cash: $4000.00 | Deals: 1 active, 0 completed | DD: 3.7%
2026-02-23 12:11:51,999 [DEBUG] Sleeping 900s until next cycle...
2026-02-23 12:22:10,126 [INFO] ── Cycle 105 at 2026-02-23T20:22:10+00:00 ──
2026-02-23 12:22:12,441 [INFO] 🔄 Regime change for HYPE/USDC: TRENDING → ACCUMULATION
2026-02-23 12:22:13,597 [DEBUG] HYPE/USDC: $26.3910 | regime=ACCUMULATION | ATR%=0.98 | TP=1.57% | Dev=2.61%
2026-02-23 12:22:13,600 [INFO] Equity: $9812.10 (-1.88%) | Cash: $4000.00 | Deals: 1 active, 0 completed | DD: 1.9%
2026-02-23 12:22:13,602 [DEBUG] Sleeping 900s until next cycle...
2026-02-23 12:26:52,435 [INFO] ── Cycle 111 at 2026-02-23T20:26:52+00:00 ──
2026-02-23 12:26:54,823 [INFO] 🔄 Regime change for HYPE/USDC: TRENDING → ACCUMULATION
2026-02-23 12:26:56,122 [DEBUG] HYPE/USDC: $26.3850 | regime=ACCUMULATION | ATR%=0.99 | TP=1.57% | Dev=2.62%
2026-02-23 12:26:56,126 [INFO] Equity: $9626.87 (-3.73%) | Cash: $4000.00 | Deals: 1 active, 0 completed | DD: 3.7%
2026-02-23 12:26:56,126 [DEBUG] Sleeping 900s until next cycle...
2026-02-23 12:37:14,139 [INFO] ── Cycle 106 at 2026-02-23T20:37:14+00:00 ──
2026-02-23 12:37:16,711 [DEBUG] HYPE/USDC: $26.4340 | regime=ACCUMULATION | ATR%=0.97 | TP=1.55% | Dev=2.58%
2026-02-23 12:37:16,712 [INFO] Equity: $9821.57 (-1.78%) | Cash: $4000.00 | Deals: 1 active, 0 completed | DD: 1.8%
2026-02-23 12:37:16,713 [DEBUG] Sleeping 900s until next cycle...
2026-02-23 12:41:56,772 [INFO] ── Cycle 112 at 2026-02-23T20:41:56+00:00 ──
2026-02-23 12:41:59,087 [DEBUG] HYPE/USDC: $26.4440 | regime=ACCUMULATION | ATR%=0.97 | TP=1.55% | Dev=2.59%
2026-02-23 12:41:59,090 [INFO] Equity: $9639.45 (-3.61%) | Cash: $4000.00 | Deals: 1 active, 0 completed | DD: 3.6%
2026-02-23 12:41:59,091 [DEBUG] Sleeping 900s until next cycle...
2026-02-23 12:50:53,098 [INFO] ── Cycle 29 at 2026-02-23T20:50:53+00:00 ──
2026-02-23 12:50:55,383 [INFO] 🔄 Regime change for ETH/USDC: MILD_TREND → RANGING
2026-02-23 12:50:56,632 [DEBUG] ETH/USDC: $1856.0000 | regime=RANGING | ATR%=1.09 | TP=1.74% | Dev=2.73%
2026-02-23 12:50:58,105 [DEBUG] SOL/USDC: $78.3320 | regime=ACCUMULATION | ATR%=1.23 | TP=1.97% | Dev=3.00%
2026-02-23 12:50:59,430 [INFO] 🔄 Regime change for BTC/USDC: MILD_TREND → ACCUMULATION
2026-02-23 12:51:00,584 [DEBUG] BTC/USDC: $64271.0000 | regime=ACCUMULATION | ATR%=0.89 | TP=1.42% | Dev=2.37%
2026-02-23 12:51:00,648 [INFO] Equity: $9842.49 (-1.58%) | Cash: $6446.02 | Deals: 3 active, 4 completed | DD: 1.7%
2026-02-23 12:51:00,652 [DEBUG] Sleeping 3600s until next cycle...
2026-02-23 12:52:17,356 [INFO] ── Cycle 107 at 2026-02-23T20:52:17+00:00 ──
2026-02-23 12:52:19,703 [DEBUG] HYPE/USDC: $26.4810 | regime=ACCUMULATION | ATR%=0.92 | TP=1.47% | Dev=2.45%
2026-02-23 12:52:19,706 [INFO] Equity: $9831.92 (-1.68%) | Cash: $4000.00 | Deals: 1 active, 0 completed | DD: 1.7%
2026-02-23 12:52:19,707 [DEBUG] Sleeping 900s until next cycle...
2026-02-23 12:56:59,760 [INFO] ── Cycle 113 at 2026-02-23T20:56:59+00:00 ──
2026-02-23 12:57:02,091 [DEBUG] HYPE/USDC: $26.4630 | regime=ACCUMULATION | ATR%=0.94 | TP=1.50% | Dev=2.50%
2026-02-23 12:57:02,093 [INFO] Equity: $9643.50 (-3.56%) | Cash: $4000.00 | Deals: 1 active, 0 completed | DD: 3.6%
2026-02-23 12:57:02,095 [DEBUG] Sleeping 900s until next cycle...
2026-02-23 13:07:20,255 [INFO] ── Cycle 108 at 2026-02-23T21:07:20+00:00 ──
2026-02-23 13:07:22,655 [DEBUG] HYPE/USDC: $26.4980 | regime=ACCUMULATION | ATR%=0.85 | TP=1.35% | Dev=2.25%
2026-02-23 13:07:22,659 [INFO] Equity: $9835.66 (-1.64%) | Cash: $4000.00 | Deals: 1 active, 0 completed | DD: 1.6%
2026-02-23 13:07:22,661 [DEBUG] Sleeping 900s until next cycle...
2026-02-23 13:12:02,546 [INFO] ── Cycle 114 at 2026-02-23T21:12:02+00:00 ──
2026-02-23 13:12:04,944 [DEBUG] HYPE/USDC: $26.5500 | regime=ACCUMULATION | ATR%=0.86 | TP=1.36% | Dev=2.27%
2026-02-23 13:12:04,946 [INFO] Equity: $9662.06 (-3.38%) | Cash: $4000.00 | Deals: 1 active, 0 completed | DD: 3.4%
2026-02-23 13:12:04,948 [DEBUG] Sleeping 900s until next cycle...
2026-02-23 13:22:23,443 [INFO] ── Cycle 109 at 2026-02-23T21:22:23+00:00 ──
2026-02-23 13:22:25,743 [DEBUG] HYPE/USDC: $26.5310 | regime=ACCUMULATION | ATR%=0.75 | TP=1.20% | Dev=2.00%
2026-02-23 13:22:25,745 [INFO] Equity: $9842.93 (-1.57%) | Cash: $4000.00 | Deals: 1 active, 0 completed | DD: 1.6%
2026-02-23 13:22:25,747 [DEBUG] Sleeping 900s until next cycle...
2026-02-23 13:27:05,587 [INFO] ── Cycle 115 at 2026-02-23T21:27:05+00:00 ──
2026-02-23 13:27:07,906 [DEBUG] HYPE/USDC: $26.5610 | regime=ACCUMULATION | ATR%=0.75 | TP=1.20% | Dev=2.00%
2026-02-23 13:27:07,909 [INFO] Equity: $9664.40 (-3.36%) | Cash: $4000.00 | Deals: 1 active, 0 completed | DD: 3.4%
2026-02-23 13:27:07,910 [DEBUG] Sleeping 900s until next cycle...
2026-02-23 13:37:26,487 [INFO] ── Cycle 110 at 2026-02-23T21:37:26+00:00 ──
2026-02-23 13:37:28,814 [INFO] 🔄 Regime change for HYPE/USDC: ACCUMULATION → DISTRIBUTION
2026-02-23 13:37:29,899 [DEBUG] HYPE/USDC: $26.4660 | regime=DISTRIBUTION | ATR%=0.73 | TP=1.24% | Dev=2.06%
2026-02-23 13:37:29,902 [INFO] Equity: $9828.62 (-1.71%) | Cash: $4000.00 | Deals: 1 active, 0 completed | DD: 1.7%
2026-02-23 13:37:29,904 [DEBUG] Sleeping 900s until next cycle...
2026-02-23 13:42:08,741 [INFO] ── Cycle 116 at 2026-02-23T21:42:08+00:00 ──
2026-02-23 13:42:12,285 [INFO] 🔄 Regime change for HYPE/USDC: ACCUMULATION → DISTRIBUTION
2026-02-23 13:42:13,503 [DEBUG] HYPE/USDC: $26.5860 | regime=DISTRIBUTION | ATR%=0.73 | TP=1.23% | Dev=2.05%
2026-02-23 13:42:13,506 [INFO] Equity: $9669.73 (-3.30%) | Cash: $4000.00 | Deals: 1 active, 0 completed | DD: 3.3%
2026-02-23 13:42:13,508 [DEBUG] Sleeping 900s until next cycle...
2026-02-23 13:42:46,989 [INFO] 🔄 Lifecycle engine created for ETH/USDC (profile=medium, ATH=$4878)
2026-02-23 13:42:47,037 [INFO] Loaded 2400 candles from DB for ETH/USDC conductor warmup
2026-02-23 13:42:47,097 [INFO] 🔥 Conductor warmup for ETH/USDC: 2400 candles → ready
2026-02-23 13:42:47,098 [INFO] 🔄 Lifecycle engine created for SOL/USDC (profile=medium, ATH=$260)
2026-02-23 13:42:47,123 [INFO] Loaded 2400 candles from DB for SOL/USDC conductor warmup
2026-02-23 13:42:47,202 [INFO] 🔥 Conductor warmup for SOL/USDC: 2400 candles → ready
2026-02-23 13:42:47,204 [INFO] 🔄 Lifecycle engine created for BTC/USDC (profile=medium, ATH=$109000)
2026-02-23 13:42:47,224 [INFO] Loaded 2400 candles from DB for BTC/USDC conductor warmup
2026-02-23 13:42:47,292 [INFO] 🔥 Conductor warmup for BTC/USDC: 2400 candles → ready
2026-02-23 13:42:47,292 [INFO] 🔗 Coin pipeline enabled (check every 4.0h)
2026-02-23 13:42:47,292 [INFO] ============================================================
2026-02-23 13:42:47,292 [INFO] Spot PAPER Trader starting
2026-02-23 13:42:47,292 [INFO] Exchange: hyperliquid | Profile: medium | Capital: $10000
2026-02-23 13:42:47,292 [INFO] Symbols: ['ETH/USDC', 'SOL/USDC', 'BTC/USDC'] | Timeframe: 1h | Max coins: 3
2026-02-23 13:42:47,292 [INFO] ============================================================
2026-02-23 13:42:47,311 [INFO] Connected to hyperliquid
2026-02-23 13:42:47,326 [INFO] State loaded: cash=$6446.02, 3 active deals, 4 completed, symbols=['ETH/USDC', 'SOL/USDC', 'BTC/USDC'], live=False
2026-02-23 13:43:01,096 [INFO] 🎯 ETH/USDC: Cold-start → DCA (500 candles, CFGI=42) — DCA (61.8% below ATH, regime=RANGING, trend=bearish, CFGI=42)
2026-02-23 13:43:02,629 [INFO] 🎯 SOL/USDC: Cold-start → DCA (500 candles, CFGI=40) — DCA (69.8% below ATH, regime=ACCUMULATION, trend=bearish, CFGI=40)
2026-02-23 13:43:04,627 [INFO] 🎯 BTC/USDC: Cold-start → DCA (500 candles, CFGI=48) — DCA (40.6% below ATH, regime=ACCUMULATION, trend=bearish, CFGI=48)
2026-02-23 13:43:04,628 [INFO] [LIFECYCLE] Restored state for ETH/USDC: phase=DCA
2026-02-23 13:43:04,628 [INFO] [LIFECYCLE] Restored state for SOL/USDC: phase=DCA
2026-02-23 13:43:04,628 [INFO] [LIFECYCLE] Restored state for BTC/USDC: phase=DCA
2026-02-23 13:43:05,845 [INFO] ── Cycle 1 at 2026-02-23T21:43:05+00:00 ──
2026-02-23 13:43:07,314 [DEBUG] ETH/USDC: $1865.6000 | regime=RANGING | ATR%=1.09 | TP=1.74% | Dev=2.74%
2026-02-23 13:43:08,718 [DEBUG] SOL/USDC: $78.6110 | regime=ACCUMULATION | ATR%=1.21 | TP=1.92% | Dev=3.00%
2026-02-23 13:43:10,379 [DEBUG] BTC/USDC: $64745.0000 | regime=ACCUMULATION | ATR%=0.90 | TP=1.43% | Dev=2.38%
2026-02-23 13:43:10,456 [INFO] Equity: $9860.81 (-1.39%) | Cash: $6446.02 | Deals: 3 active, 4 completed | DD: 1.5%
2026-02-23 13:43:10,458 [DEBUG] Sleeping 3600s until next cycle...
2026-02-23 13:52:30,393 [INFO] ── Cycle 111 at 2026-02-23T21:52:30+00:00 ──
2026-02-23 13:52:32,770 [DEBUG] HYPE/USDC: $26.5100 | regime=DISTRIBUTION | ATR%=0.71 | TP=1.19% | Dev=2.00%
2026-02-23 13:52:32,774 [INFO] Equity: $9838.31 (-1.62%) | Cash: $4000.00 | Deals: 1 active, 0 completed | DD: 1.6%
2026-02-23 13:52:32,776 [DEBUG] Sleeping 900s until next cycle...
2026-02-23 13:57:14,175 [INFO] ── Cycle 117 at 2026-02-23T21:57:14+00:00 ──
2026-02-23 13:57:16,936 [DEBUG] HYPE/USDC: $26.4630 | regime=DISTRIBUTION | ATR%=0.72 | TP=1.21% | Dev=2.01%
2026-02-23 13:57:16,939 [INFO] Equity: $9643.50 (-3.56%) | Cash: $4000.00 | Deals: 1 active, 0 completed | DD: 3.6%
2026-02-23 13:57:16,941 [DEBUG] Sleeping 900s until next cycle...
2026-02-23 14:07:33,882 [INFO] ── Cycle 112 at 2026-02-23T22:07:33+00:00 ──
2026-02-23 14:07:36,217 [DEBUG] HYPE/USDC: $26.4860 | regime=DISTRIBUTION | ATR%=0.66 | TP=1.12% | Dev=2.00%
2026-02-23 14:07:36,219 [INFO] Equity: $9833.02 (-1.67%) | Cash: $4000.00 | Deals: 1 active, 0 completed | DD: 1.7%
2026-02-23 14:07:36,220 [DEBUG] Sleeping 900s until next cycle...
2026-02-23 14:12:19,318 [INFO] ── Cycle 118 at 2026-02-23T22:12:19+00:00 ──
2026-02-23 14:12:21,939 [DEBUG] HYPE/USDC: $26.5310 | regime=DISTRIBUTION | ATR%=0.67 | TP=1.14% | Dev=2.00%
2026-02-23 14:12:21,941 [INFO] Equity: $9658.00 (-3.42%) | Cash: $4000.00 | Deals: 1 active, 0 completed | DD: 3.4%
2026-02-23 14:12:21,943 [DEBUG] Sleeping 900s until next cycle...
2026-02-23 14:22:37,907 [INFO] ── Cycle 113 at 2026-02-23T22:22:37+00:00 ──
2026-02-23 14:22:41,081 [DEBUG] HYPE/USDC: $26.4460 | regime=DISTRIBUTION | ATR%=0.66 | TP=1.11% | Dev=2.00%
2026-02-23 14:22:41,085 [INFO] Equity: $9824.21 (-1.76%) | Cash: $4000.00 | Deals: 1 active, 0 completed | DD: 1.8%
2026-02-23 14:22:41,087 [DEBUG] Sleeping 900s until next cycle...
2026-02-23 14:27:22,840 [INFO] ── Cycle 119 at 2026-02-23T22:27:22+00:00 ──
2026-02-23 14:27:25,308 [DEBUG] HYPE/USDC: $26.5100 | regime=DISTRIBUTION | ATR%=0.66 | TP=1.11% | Dev=2.00%
2026-02-23 14:27:25,312 [INFO] Equity: $9653.53 (-3.46%) | Cash: $4000.00 | Deals: 1 active, 0 completed | DD: 3.5%
2026-02-23 14:27:25,314 [DEBUG] Sleeping 900s until next cycle...
2026-02-23 14:37:41,933 [INFO] ── Cycle 114 at 2026-02-23T22:37:41+00:00 ──
2026-02-23 14:37:44,595 [INFO] 🔄 Regime change for HYPE/USDC: DISTRIBUTION → BREAKOUT_WARNING
2026-02-23 14:37:45,790 [DEBUG] HYPE/USDC: $26.6500 | regime=BREAKOUT_WARNING | ATR%=0.63 | TP=1.00% | Dev=2.38%
2026-02-23 14:37:45,790 [INFO] 📤 DEAL 1 LOT 3 SOLD: HYPE/USDC @ $26.5247, PnL=$29.74
2026-02-23 14:37:46,987 [INFO] Equity: $9853.24 (-1.47%) | Cash: $7229.74 | Deals: 1 active, 0 completed | DD: 1.5%
2026-02-23 14:37:46,989 [DEBUG] Sleeping 900s until next cycle...
2026-02-23 14:42:26,317 [INFO] ── Cycle 120 at 2026-02-23T22:42:26+00:00 ──
2026-02-23 14:42:28,964 [INFO] 🔄 Regime change for HYPE/USDC: DISTRIBUTION → BREAKOUT_WARNING
2026-02-23 14:42:30,148 [DEBUG] HYPE/USDC: $26.5680 | regime=BREAKOUT_WARNING | ATR%=0.64 | TP=1.00% | Dev=2.39%
2026-02-23 14:42:30,154 [INFO] Equity: $9665.89 (-3.34%) | Cash: $4000.00 | Deals: 1 active, 0 completed | DD: 3.3%
2026-02-23 14:42:30,158 [DEBUG] Sleeping 900s until next cycle...
2026-02-23 14:43:14,906 [INFO] ── Cycle 2 at 2026-02-23T22:43:14+00:00 ──
2026-02-23 14:43:17,541 [DEBUG] ETH/USDC: $1863.3000 | regime=RANGING | ATR%=1.07 | TP=1.71% | Dev=2.68%
2026-02-23 14:43:18,971 [INFO] 🔄 Regime change for SOL/USDC: ACCUMULATION → RANGING
2026-02-23 14:43:18,973 [DEBUG] SOL/USDC: $78.7780 | regime=RANGING | ATR%=1.18 | TP=1.89% | Dev=2.96%
2026-02-23 14:43:20,528 [INFO] 🔄 Regime change for BTC/USDC: ACCUMULATION → MILD_TREND
2026-02-23 14:43:20,528 [DEBUG] BTC/USDC: $64815.0000 | regime=MILD_TREND | ATR%=0.90 | TP=1.78% | Dev=3.00%
2026-02-23 14:43:20,620 [INFO] Equity: $9862.98 (-1.37%) | Cash: $6446.02 | Deals: 3 active, 4 completed | DD: 1.5%
2026-02-23 14:43:20,629 [DEBUG] Sleeping 3600s until next cycle...
2026-02-23 14:52:48,035 [INFO] ── Cycle 115 at 2026-02-23T22:52:47+00:00 ──
2026-02-23 14:52:50,708 [INFO] 🔄 Regime change for HYPE/USDC: BREAKOUT_WARNING → MILD_TREND
2026-02-23 14:52:51,999 [DEBUG] HYPE/USDC: $26.2620 | regime=MILD_TREND | ATR%=0.70 | TP=1.38% | Dev=2.40%
2026-02-23 14:52:52,004 [INFO] Equity: $9815.04 (-1.85%) | Cash: $7229.74 | Deals: 1 active, 0 completed | DD: 1.8%
2026-02-23 14:52:52,006 [DEBUG] Sleeping 900s until next cycle...
2026-02-23 14:57:31,196 [INFO] ── Cycle 121 at 2026-02-23T22:57:31+00:00 ──
2026-02-23 14:57:33,853 [INFO] 🔄 Regime change for HYPE/USDC: BREAKOUT_WARNING → MILD_TREND
2026-02-23 14:57:34,950 [DEBUG] HYPE/USDC: $26.2200 | regime=MILD_TREND | ATR%=0.71 | TP=1.40% | Dev=2.45%
2026-02-23 14:57:34,953 [INFO] Equity: $9591.68 (-4.08%) | Cash: $4000.00 | Deals: 1 active, 0 completed | DD: 4.1%
2026-02-23 14:57:34,956 [DEBUG] Sleeping 900s until next cycle...
2026-02-23 15:07:52,677 [INFO] ── Cycle 116 at 2026-02-23T23:07:52+00:00 ──
2026-02-23 15:07:55,076 [INFO] 🔄 Regime change for HYPE/USDC: MILD_TREND → ACCUMULATION
2026-02-23 15:07:56,245 [DEBUG] HYPE/USDC: $26.3120 | regime=ACCUMULATION | ATR%=0.72 | TP=1.15% | Dev=2.00%
2026-02-23 15:07:56,250 [INFO] 📦 DEAL 1 SO4 FILLED: HYPE/USDC @ $26.3248 ($6400.00)
2026-02-23 15:07:57,397 [INFO] Equity: $9813.66 (-1.86%) | Cash: $829.74 | Deals: 1 active, 0 completed | DD: 1.9%
2026-02-23 15:07:57,397 [DEBUG] Sleeping 900s until next cycle...
2026-02-23 15:12:35,501 [INFO] ── Cycle 122 at 2026-02-23T23:12:35+00:00 ──
2026-02-23 15:12:38,156 [INFO] 🔄 Regime change for HYPE/USDC: MILD_TREND → ACCUMULATION
2026-02-23 15:12:39,346 [DEBUG] HYPE/USDC: $26.3130 | regime=ACCUMULATION | ATR%=0.72 | TP=1.15% | Dev=2.00%
2026-02-23 15:12:39,347 [INFO] 📦 DEAL 1 SO4 FILLED: HYPE/USDC @ $26.3248 ($3800.00)
2026-02-23 15:12:40,496 [INFO] Equity: $9607.92 (-3.92%) | Cash: $200.00 | Deals: 1 active, 0 completed | DD: 3.9%
2026-02-23 15:12:40,504 [DEBUG] Sleeping 900s until next cycle...
2026-02-23 15:22:58,055 [INFO] ── Cycle 117 at 2026-02-23T23:22:58+00:00 ──
2026-02-23 15:23:00,439 [DEBUG] HYPE/USDC: $26.3420 | regime=ACCUMULATION | ATR%=0.70 | TP=1.12% | Dev=2.00%
2026-02-23 15:23:00,442 [INFO] Equity: $9823.90 (-1.76%) | Cash: $829.74 | Deals: 1 active, 0 completed | DD: 1.8%
2026-02-23 15:23:00,442 [DEBUG] Sleeping 900s until next cycle...
2026-02-23 15:27:41,080 [INFO] ── Cycle 123 at 2026-02-23T23:27:41+00:00 ──
2026-02-23 15:27:44,589 [DEBUG] HYPE/USDC: $26.3490 | regime=ACCUMULATION | ATR%=0.71 | TP=1.12% | Dev=2.00%
2026-02-23 15:27:44,592 [INFO] Equity: $9620.79 (-3.79%) | Cash: $200.00 | Deals: 1 active, 0 completed | DD: 3.8%
2026-02-23 15:27:44,593 [DEBUG] Sleeping 900s until next cycle...
2026-02-23 15:38:01,032 [INFO] ── Cycle 118 at 2026-02-23T23:38:01+00:00 ──
2026-02-23 15:38:03,503 [DEBUG] HYPE/USDC: $26.2500 | regime=ACCUMULATION | ATR%=0.67 | TP=1.07% | Dev=2.00%
2026-02-23 15:38:03,508 [INFO] Equity: $9792.49 (-2.08%) | Cash: $829.74 | Deals: 1 active, 0 completed | DD: 2.1%
2026-02-23 15:38:03,510 [DEBUG] Sleeping 900s until next cycle...
2026-02-23 15:42:45,214 [INFO] ── Cycle 124 at 2026-02-23T23:42:45+00:00 ──
2026-02-23 15:42:47,780 [DEBUG] HYPE/USDC: $26.2390 | regime=ACCUMULATION | ATR%=0.68 | TP=1.08% | Dev=2.00%
2026-02-23 15:42:47,783 [INFO] Equity: $9581.46 (-4.19%) | Cash: $200.00 | Deals: 1 active, 0 completed | DD: 4.2%
2026-02-23 15:42:47,785 [DEBUG] Sleeping 900s until next cycle...
2026-02-23 15:43:23,229 [INFO] ── Cycle 3 at 2026-02-23T23:43:23+00:00 ──
2026-02-23 15:43:25,497 [INFO] 🔄 Regime change for ETH/USDC: RANGING → MILD_TREND
2026-02-23 15:43:25,526 [DEBUG] ETH/USDC: $1853.1000 | regime=MILD_TREND | ATR%=0.99 | TP=1.95% | Dev=3.00%
2026-02-23 15:43:27,062 [DEBUG] SOL/USDC: $77.9110 | regime=RANGING | ATR%=1.11 | TP=1.76% | Dev=2.77%
2026-02-23 15:43:29,327 [INFO] 🔄 Regime change for BTC/USDC: MILD_TREND → TRENDING
2026-02-23 15:43:29,327 [DEBUG] BTC/USDC: $64704.0000 | regime=TRENDING | ATR%=0.84 | TP=1.90% | Dev=3.00%
2026-02-23 15:43:29,422 [INFO] Equity: $9842.50 (-1.57%) | Cash: $6446.02 | Deals: 3 active, 4 completed | DD: 1.7%
2026-02-23 15:43:29,431 [DEBUG] Sleeping 3600s until next cycle...
2026-02-23 15:53:04,035 [INFO] ── Cycle 119 at 2026-02-23T23:53:04+00:00 ──
2026-02-23 15:53:06,274 [DEBUG] HYPE/USDC: $26.2400 | regime=ACCUMULATION | ATR%=0.65 | TP=1.03% | Dev=2.00%
2026-02-23 15:53:06,276 [INFO] Equity: $9789.08 (-2.11%) | Cash: $829.74 | Deals: 1 active, 0 completed | DD: 2.1%
2026-02-23 15:53:06,278 [DEBUG] Sleeping 900s until next cycle...
2026-02-23 15:57:48,394 [INFO] ── Cycle 125 at 2026-02-23T23:57:48+00:00 ──
2026-02-23 15:57:50,997 [DEBUG] HYPE/USDC: $26.3400 | regime=ACCUMULATION | ATR%=0.67 | TP=1.06% | Dev=2.00%
2026-02-23 15:57:51,000 [INFO] Equity: $9617.57 (-3.82%) | Cash: $200.00 | Deals: 1 active, 0 completed | DD: 3.8%
2026-02-23 15:57:51,001 [DEBUG] Sleeping 900s until next cycle...
2026-02-23 16:08:07,147 [INFO] ── Cycle 120 at 2026-02-24T00:08:07+00:00 ──
2026-02-23 16:08:09,726 [INFO] 🔄 Regime change for HYPE/USDC: ACCUMULATION → MILD_TREND
2026-02-23 16:08:11,054 [DEBUG] HYPE/USDC: $26.3550 | regime=MILD_TREND | ATR%=0.64 | TP=1.27% | Dev=2.21%
2026-02-23 16:08:11,057 [INFO] Equity: $9828.34 (-1.72%) | Cash: $829.74 | Deals: 1 active, 0 completed | DD: 1.7%
2026-02-23 16:08:11,059 [DEBUG] Sleeping 900s until next cycle...
2026-02-23 16:12:51,701 [INFO] ── Cycle 126 at 2026-02-24T00:12:51+00:00 ──
2026-02-23 16:12:54,695 [INFO] 🔄 Regime change for HYPE/USDC: ACCUMULATION → MILD_TREND
2026-02-23 16:12:55,843 [DEBUG] HYPE/USDC: $26.3980 | regime=MILD_TREND | ATR%=0.65 | TP=1.27% | Dev=2.23%
2026-02-23 16:12:55,846 [INFO] Equity: $9638.31 (-3.62%) | Cash: $200.00 | Deals: 1 active, 0 completed | DD: 3.6%
2026-02-23 16:12:55,850 [DEBUG] Sleeping 900s until next cycle...
2026-02-23 16:23:11,704 [INFO] ── Cycle 121 at 2026-02-24T00:23:11+00:00 ──
2026-02-23 16:23:14,712 [INFO] 🔄 Regime change for HYPE/USDC: MILD_TREND → ACCUMULATION
2026-02-23 16:23:15,997 [DEBUG] HYPE/USDC: $26.4320 | regime=ACCUMULATION | ATR%=0.63 | TP=1.01% | Dev=2.00%
2026-02-23 16:23:16,000 [INFO] Equity: $9854.63 (-1.45%) | Cash: $829.74 | Deals: 1 active, 0 completed | DD: 1.5%
2026-02-23 16:23:16,006 [DEBUG] Sleeping 900s until next cycle...
2026-02-23 16:27:56,454 [INFO] ── Cycle 127 at 2026-02-24T00:27:56+00:00 ──
2026-02-23 16:28:00,363 [INFO] 🔄 Regime change for HYPE/USDC: MILD_TREND → ACCUMULATION
2026-02-23 16:28:01,955 [DEBUG] HYPE/USDC: $26.4300 | regime=ACCUMULATION | ATR%=0.63 | TP=1.01% | Dev=2.00%
2026-02-23 16:28:01,957 [INFO] Equity: $9649.75 (-3.50%) | Cash: $200.00 | Deals: 1 active, 0 completed | DD: 3.5%
2026-02-23 16:28:01,960 [DEBUG] Sleeping 900s until next cycle...
2026-02-23 16:38:16,606 [INFO] ── Cycle 122 at 2026-02-24T00:38:16+00:00 ──
2026-02-23 16:38:19,334 [DEBUG] HYPE/USDC: $26.5310 | regime=ACCUMULATION | ATR%=0.62 | TP=1.00% | Dev=2.00%
2026-02-23 16:38:19,337 [INFO] Equity: $9888.44 (-1.12%) | Cash: $829.74 | Deals: 1 active, 0 completed | DD: 1.1%
2026-02-23 16:38:19,339 [DEBUG] Sleeping 900s until next cycle...
2026-02-23 16:43:02,554 [INFO] ── Cycle 128 at 2026-02-24T00:43:02+00:00 ──
2026-02-23 16:43:05,131 [DEBUG] HYPE/USDC: $26.5120 | regime=ACCUMULATION | ATR%=0.62 | TP=1.00% | Dev=2.00%
2026-02-23 16:43:05,132 [INFO] Equity: $9679.07 (-3.21%) | Cash: $200.00 | Deals: 1 active, 0 completed | DD: 3.2%
2026-02-23 16:43:05,134 [DEBUG] Sleeping 900s until next cycle...
2026-02-23 16:43:31,961 [INFO] ── Cycle 4 at 2026-02-24T00:43:31+00:00 ──
2026-02-23 16:43:34,650 [DEBUG] ETH/USDC: $1865.5000 | regime=MILD_TREND | ATR%=0.98 | TP=1.93% | Dev=3.00%
2026-02-23 16:43:36,156 [DEBUG] SOL/USDC: $78.3830 | regime=RANGING | ATR%=1.13 | TP=1.80% | Dev=2.83%
2026-02-23 16:43:37,796 [INFO] 🔄 Regime change for BTC/USDC: TRENDING → EXTREME
2026-02-23 16:43:37,799 [DEBUG] BTC/USDC: $64895.0000 | regime=EXTREME | ATR%=0.86 | TP=1.13% | Dev=3.00%
2026-02-23 16:43:37,926 [INFO] Equity: $9860.22 (-1.40%) | Cash: $6446.02 | Deals: 3 active, 4 completed | DD: 1.6%
2026-02-23 16:43:37,931 [DEBUG] Sleeping 3600s until next cycle...
2026-02-23 16:53:19,986 [INFO] ── Cycle 123 at 2026-02-24T00:53:19+00:00 ──
2026-02-23 16:53:22,713 [DEBUG] HYPE/USDC: $26.4790 | regime=ACCUMULATION | ATR%=0.61 | TP=1.00% | Dev=2.00%
2026-02-23 16:53:22,716 [INFO] Equity: $9870.68 (-1.29%) | Cash: $829.74 | Deals: 1 active, 0 completed | DD: 1.3%
2026-02-23 16:53:22,718 [DEBUG] Sleeping 900s until next cycle...
2026-02-23 16:58:05,784 [INFO] ── Cycle 129 at 2026-02-24T00:58:05+00:00 ──
2026-02-23 16:58:08,474 [DEBUG] HYPE/USDC: $26.4980 | regime=ACCUMULATION | ATR%=0.61 | TP=1.00% | Dev=2.00%
2026-02-23 16:58:08,476 [INFO] Equity: $9674.06 (-3.26%) | Cash: $200.00 | Deals: 1 active, 0 completed | DD: 3.3%
2026-02-23 16:58:08,479 [DEBUG] Sleeping 900s until next cycle...
2026-02-23 17:08:23,288 [INFO] ── Cycle 124 at 2026-02-24T01:08:23+00:00 ──
2026-02-23 17:08:26,080 [INFO] 🔄 Regime change for HYPE/USDC: ACCUMULATION → MILD_TREND
2026-02-23 17:08:27,379 [DEBUG] HYPE/USDC: $26.3790 | regime=MILD_TREND | ATR%=0.61 | TP=1.19% | Dev=2.08%
2026-02-23 17:08:27,383 [INFO] Equity: $9836.54 (-1.63%) | Cash: $829.74 | Deals: 1 active, 0 completed | DD: 1.6%
2026-02-23 17:08:27,390 [DEBUG] Sleeping 900s until next cycle...
2026-02-23 17:13:09,079 [INFO] ── Cycle 130 at 2026-02-24T01:13:09+00:00 ──
2026-02-23 17:13:11,738 [INFO] 🔄 Regime change for HYPE/USDC: ACCUMULATION → MILD_TREND
2026-02-23 17:13:13,054 [DEBUG] HYPE/USDC: $26.2740 | regime=MILD_TREND | ATR%=0.63 | TP=1.24% | Dev=2.17%
2026-02-23 17:13:13,058 [INFO] Equity: $9593.97 (-4.06%) | Cash: $200.00 | Deals: 1 active, 0 completed | DD: 4.1%
2026-02-23 17:13:13,061 [DEBUG] Sleeping 900s until next cycle...
2026-02-23 17:23:28,030 [INFO] ── Cycle 125 at 2026-02-24T01:23:28+00:00 ──
2026-02-23 17:23:31,871 [INFO] 🔄 Regime change for HYPE/USDC: MILD_TREND → TRENDING
2026-02-23 17:23:33,202 [DEBUG] HYPE/USDC: $26.0190 | regime=TRENDING | ATR%=0.71 | TP=1.60% | Dev=2.89%
2026-02-23 17:23:33,205 [INFO] Equity: $9713.62 (-2.86%) | Cash: $829.74 | Deals: 1 active, 0 completed | DD: 2.9%
2026-02-23 17:23:33,206 [DEBUG] Sleeping 900s until next cycle...
2026-02-23 17:28:13,685 [INFO] ── Cycle 131 at 2026-02-24T01:28:13+00:00 ──
2026-02-23 17:28:16,168 [INFO] 🔄 Regime change for HYPE/USDC: MILD_TREND → EXTREME
2026-02-23 17:28:17,511 [DEBUG] HYPE/USDC: $26.1830 | regime=EXTREME | ATR%=0.71 | TP=1.00% | Dev=3.00%
2026-02-23 17:28:17,515 [INFO] Equity: $9561.44 (-4.39%) | Cash: $200.00 | Deals: 1 active, 0 completed | DD: 4.4%
2026-02-23 17:28:17,517 [DEBUG] Sleeping 900s until next cycle...
2026-02-23 17:38:33,765 [INFO] ── Cycle 126 at 2026-02-24T01:38:33+00:00 ──
2026-02-23 17:38:36,366 [INFO] 🔄 Regime change for HYPE/USDC: TRENDING → RANGING
2026-02-23 17:38:37,721 [DEBUG] HYPE/USDC: $26.3050 | regime=RANGING | ATR%=0.76 | TP=1.21% | Dev=2.00%
2026-02-23 17:38:37,723 [INFO] Equity: $9811.27 (-1.89%) | Cash: $829.74 | Deals: 1 active, 0 completed | DD: 1.9%
2026-02-23 17:38:37,725 [DEBUG] Sleeping 900s until next cycle...
2026-02-23 17:43:18,110 [INFO] ── Cycle 132 at 2026-02-24T01:43:18+00:00 ──
2026-02-23 17:43:20,814 [INFO] 🔄 Regime change for HYPE/USDC: EXTREME → TRENDING
2026-02-23 17:43:22,073 [DEBUG] HYPE/USDC: $26.2340 | regime=TRENDING | ATR%=0.76 | TP=1.71% | Dev=3.00%
2026-02-23 17:43:22,078 [INFO] Equity: $9579.67 (-4.20%) | Cash: $200.00 | Deals: 1 active, 0 completed | DD: 4.2%
2026-02-23 17:43:22,080 [DEBUG] Sleeping 900s until next cycle...
2026-02-23 17:43:40,328 [INFO] ── Cycle 5 at 2026-02-24T01:43:40+00:00 ──
2026-02-23 17:43:42,901 [INFO] 🔄 Regime change for ETH/USDC: MILD_TREND → ACCUMULATION
2026-02-23 17:43:42,903 [DEBUG] ETH/USDC: $1848.0000 | regime=ACCUMULATION | ATR%=1.17 | TP=1.87% | Dev=3.00%
2026-02-23 17:43:44,764 [INFO] 🔄 Regime change for SOL/USDC: RANGING → ACCUMULATION
2026-02-23 17:43:44,767 [DEBUG] SOL/USDC: $77.7550 | regime=ACCUMULATION | ATR%=1.34 | TP=2.00% | Dev=3.00%
2026-02-23 17:43:46,421 [INFO] 🔄 Regime change for BTC/USDC: EXTREME → ACCUMULATION
2026-02-23 17:43:46,423 [DEBUG] BTC/USDC: $64312.0000 | regime=ACCUMULATION | ATR%=0.99 | TP=1.58% | Dev=2.63%
2026-02-23 17:43:46,515 [INFO] Equity: $9830.16 (-1.70%) | Cash: $6446.02 | Deals: 3 active, 4 completed | DD: 1.9%
2026-02-23 17:43:46,523 [DEBUG] Sleeping 3600s until next cycle...
2026-02-23 17:53:38,384 [INFO] ── Cycle 127 at 2026-02-24T01:53:38+00:00 ──
2026-02-23 17:53:41,182 [INFO] 🔄 Regime change for HYPE/USDC: RANGING → TRENDING
2026-02-23 17:53:42,440 [DEBUG] HYPE/USDC: $26.1100 | regime=TRENDING | ATR%=0.76 | TP=1.70% | Dev=3.00%
2026-02-23 17:53:42,446 [INFO] Equity: $9744.69 (-2.55%) | Cash: $829.74 | Deals: 1 active, 0 completed | DD: 2.6%
2026-02-23 17:53:42,447 [DEBUG] Sleeping 900s until next cycle...
2026-02-23 17:58:22,786 [INFO] ── Cycle 133 at 2026-02-24T01:58:22+00:00 ──
2026-02-23 17:58:25,526 [INFO] 🔄 Regime change for HYPE/USDC: TRENDING → EXTREME
2026-02-23 17:58:26,837 [DEBUG] HYPE/USDC: $26.0150 | regime=EXTREME | ATR%=0.77 | TP=1.01% | Dev=3.00%
2026-02-23 17:58:26,839 [INFO] Equity: $9501.37 (-4.99%) | Cash: $200.00 | Deals: 1 active, 0 completed | DD: 5.0%
2026-02-23 17:58:26,841 [DEBUG] Sleeping 900s until next cycle...
2026-02-23 18:08:43,039 [INFO] ── Cycle 128 at 2026-02-24T02:08:43+00:00 ──
2026-02-23 18:08:45,809 [DEBUG] HYPE/USDC: $26.0570 | regime=TRENDING | ATR%=0.75 | TP=1.70% | Dev=3.00%
2026-02-23 18:08:45,813 [INFO] Equity: $9726.59 (-2.73%) | Cash: $829.74 | Deals: 1 active, 0 completed | DD: 2.7%
2026-02-23 18:08:45,816 [DEBUG] Sleeping 900s until next cycle...
2026-02-23 18:13:27,410 [INFO] ── Cycle 134 at 2026-02-24T02:13:27+00:00 ──
2026-02-23 18:13:31,486 [INFO] 🔄 Regime change for HYPE/USDC: EXTREME → TRENDING
2026-02-23 18:13:33,376 [DEBUG] HYPE/USDC: $26.0400 | regime=TRENDING | ATR%=0.76 | TP=1.71% | Dev=3.00%
2026-02-23 18:13:33,381 [INFO] Equity: $9510.31 (-4.90%) | Cash: $200.00 | Deals: 1 active, 0 completed | DD: 4.9%
2026-02-23 18:13:33,384 [DEBUG] Sleeping 900s until next cycle...
2026-02-23 18:23:46,491 [INFO] ── Cycle 129 at 2026-02-24T02:23:46+00:00 ──
2026-02-23 18:23:49,221 [INFO] 🔄 Regime change for HYPE/USDC: TRENDING → MILD_TREND
2026-02-23 18:23:50,497 [DEBUG] HYPE/USDC: $26.0540 | regime=MILD_TREND | ATR%=0.70 | TP=1.38% | Dev=2.40%
2026-02-23 18:23:50,499 [INFO] Equity: $9725.57 (-2.74%) | Cash: $829.74 | Deals: 1 active, 0 completed | DD: 2.7%
2026-02-23 18:23:50,501 [DEBUG] Sleeping 900s until next cycle...
2026-02-23 18:28:34,066 [INFO] ── Cycle 135 at 2026-02-24T02:28:34+00:00 ──
2026-02-23 18:28:36,495 [DEBUG] HYPE/USDC: $26.0650 | regime=TRENDING | ATR%=0.70 | TP=1.57% | Dev=2.84%
2026-02-23 18:28:36,498 [INFO] Equity: $9519.25 (-4.81%) | Cash: $200.00 | Deals: 1 active, 0 completed | DD: 4.8%
2026-02-23 18:28:36,504 [DEBUG] Sleeping 900s until next cycle...
2026-02-23 18:43:49,164 [INFO] ── Cycle 6 at 2026-02-24T02:43:49+00:00 ──
2026-02-23 18:43:51,822 [INFO] 🔄 Regime change for ETH/USDC: ACCUMULATION → MILD_TREND
2026-02-23 18:43:51,824 [DEBUG] ETH/USDC: $1842.6000 | regime=MILD_TREND | ATR%=1.16 | TP=2.00% | Dev=3.00%
2026-02-23 18:43:53,563 [INFO] 🔄 Regime change for SOL/USDC: ACCUMULATION → MILD_TREND
2026-02-23 18:43:53,564 [DEBUG] SOL/USDC: $77.7010 | regime=MILD_TREND | ATR%=1.32 | TP=2.00% | Dev=3.00%
2026-02-23 18:43:55,011 [INFO] 🔄 Regime change for BTC/USDC: ACCUMULATION → TRENDING
2026-02-23 18:43:55,012 [DEBUG] BTC/USDC: $64108.0000 | regime=TRENDING | ATR%=0.98 | TP=2.00% | Dev=3.00%
2026-02-23 18:43:55,142 [INFO] Equity: $9822.42 (-1.78%) | Cash: $6446.02 | Deals: 3 active, 4 completed | DD: 1.9%
2026-02-23 18:43:55,145 [DEBUG] Sleeping 3600s until next cycle...
2026-02-23 19:43:57,496 [INFO] ── Cycle 7 at 2026-02-24T03:43:57+00:00 ──
2026-02-23 19:44:00,751 [INFO] 🔄 Regime change for ETH/USDC: MILD_TREND → TRENDING
2026-02-23 19:44:00,752 [DEBUG] ETH/USDC: $1830.0000 | regime=TRENDING | ATR%=1.18 | TP=2.00% | Dev=3.00%
2026-02-23 19:44:02,488 [INFO] 🔄 Regime change for SOL/USDC: MILD_TREND → DISTRIBUTION
2026-02-23 19:44:02,489 [DEBUG] SOL/USDC: $76.7480 | regime=DISTRIBUTION | ATR%=1.36 | TP=2.00% | Dev=3.00%
2026-02-23 19:44:04,193 [DEBUG] BTC/USDC: $63632.0000 | regime=TRENDING | ATR%=1.02 | TP=2.00% | Dev=3.00%
2026-02-23 19:44:04,311 [INFO] Equity: $9792.74 (-2.07%) | Cash: $6446.02 | Deals: 3 active, 4 completed | DD: 2.2%
2026-02-23 19:44:04,316 [DEBUG] Sleeping 3600s until next cycle...
2026-02-23 20:44:06,733 [INFO] ── Cycle 8 at 2026-02-24T04:44:06+00:00 ──
2026-02-23 20:44:10,212 [DEBUG] ETH/USDC: $1828.3000 | regime=TRENDING | ATR%=1.15 | TP=2.00% | Dev=3.00%
2026-02-23 20:44:11,728 [DEBUG] SOL/USDC: $76.7160 | regime=DISTRIBUTION | ATR%=1.35 | TP=2.00% | Dev=3.00%
2026-02-23 20:44:13,360 [DEBUG] BTC/USDC: $63276.0000 | regime=TRENDING | ATR%=1.05 | TP=2.00% | Dev=3.00%
2026-02-23 20:44:13,481 [INFO] Equity: $9784.89 (-2.15%) | Cash: $6446.02 | Deals: 3 active, 4 completed | DD: 2.3%
2026-02-23 20:44:13,485 [DEBUG] Sleeping 3600s until next cycle...
2026-02-23 21:44:15,927 [INFO] ── Cycle 9 at 2026-02-24T05:44:15+00:00 ──
2026-02-23 21:44:18,711 [DEBUG] ETH/USDC: $1821.6000 | regime=TRENDING | ATR%=1.17 | TP=2.00% | Dev=3.00%
2026-02-23 21:44:18,839 [INFO] 📦 DEAL 5 SO2 FILLED: ETH/USDC @ $1823.6644 ($1600.00)
2026-02-23 21:44:21,590 [INFO] 🔄 Regime change for SOL/USDC: DISTRIBUTION → TRENDING
2026-02-23 21:44:21,596 [DEBUG] SOL/USDC: $76.4150 | regime=TRENDING | ATR%=1.36 | TP=2.00% | Dev=3.00%
2026-02-23 21:44:23,254 [INFO] 🔄 Regime change for BTC/USDC: TRENDING → ACCUMULATION
2026-02-23 21:44:23,256 [DEBUG] BTC/USDC: $62931.0000 | regime=ACCUMULATION | ATR%=1.07 | TP=1.71% | Dev=2.85%
2026-02-23 21:44:23,373 [INFO] 📦 DEAL 7 SO2 FILLED: BTC/USDC @ $63067.4320 ($1600.00)
2026-02-23 21:44:24,632 [INFO] Equity: $9763.49 (-2.37%) | Cash: $3246.02 | Deals: 3 active, 4 completed | DD: 2.5%
2026-02-23 21:44:24,637 [DEBUG] Sleeping 3600s until next cycle...
2026-02-23 22:44:27,122 [INFO] ── Cycle 10 at 2026-02-24T06:44:27+00:00 ──
2026-02-23 22:44:30,034 [DEBUG] ETH/USDC: $1827.8000 | regime=TRENDING | ATR%=1.14 | TP=2.00% | Dev=3.00%
2026-02-23 22:44:31,634 [INFO] 🔄 Regime change for SOL/USDC: TRENDING → DISTRIBUTION
2026-02-23 22:44:31,640 [DEBUG] SOL/USDC: $76.8510 | regime=DISTRIBUTION | ATR%=1.30 | TP=2.00% | Dev=3.00%
2026-02-23 22:44:33,216 [INFO] 🔄 Regime change for BTC/USDC: ACCUMULATION → TRENDING
2026-02-23 22:44:33,217 [DEBUG] BTC/USDC: $63287.0000 | regime=TRENDING | ATR%=1.06 | TP=2.00% | Dev=3.00%
2026-02-23 22:44:33,335 [INFO] Equity: $9794.26 (-2.06%) | Cash: $3246.02 | Deals: 3 active, 4 completed | DD: 2.2%
2026-02-23 22:44:33,341 [DEBUG] Sleeping 3600s until next cycle...
2026-02-23 23:44:35,856 [INFO] ── Cycle 11 at 2026-02-24T07:44:35+00:00 ──
2026-02-23 23:44:38,720 [DEBUG] ETH/USDC: $1823.1000 | regime=TRENDING | ATR%=1.02 | TP=2.00% | Dev=3.00%
2026-02-23 23:44:40,362 [DEBUG] SOL/USDC: $76.6760 | regime=DISTRIBUTION | ATR%=1.19 | TP=2.00% | Dev=3.00%
2026-02-23 23:44:42,021 [DEBUG] BTC/USDC: $63084.0000 | regime=TRENDING | ATR%=0.96 | TP=2.00% | Dev=3.00%
2026-02-23 23:44:42,144 [INFO] Equity: $9776.00 (-2.24%) | Cash: $3246.02 | Deals: 3 active, 4 completed | DD: 2.4%
2026-02-23 23:44:42,149 [DEBUG] Sleeping 3600s until next cycle...
2026-02-24 00:44:44,594 [INFO] ── Cycle 12 at 2026-02-24T08:44:44+00:00 ──
2026-02-24 00:44:47,535 [DEBUG] ETH/USDC: $1832.5000 | regime=TRENDING | ATR%=1.01 | TP=2.00% | Dev=3.00%
2026-02-24 00:44:49,151 [DEBUG] SOL/USDC: $77.0390 | regime=DISTRIBUTION | ATR%=1.12 | TP=1.89% | Dev=3.00%
2026-02-24 00:44:50,770 [DEBUG] BTC/USDC: $63361.0000 | regime=TRENDING | ATR%=0.93 | TP=2.00% | Dev=3.00%
2026-02-24 00:44:50,874 [INFO] Equity: $9807.13 (-1.93%) | Cash: $3246.02 | Deals: 3 active, 4 completed | DD: 2.1%
2026-02-24 00:44:50,877 [DEBUG] Sleeping 3600s until next cycle...
2026-02-24 01:44:53,399 [INFO] ── Cycle 13 at 2026-02-24T09:44:53+00:00 ──
2026-02-24 01:44:56,093 [DEBUG] ETH/USDC: $1822.3000 | regime=TRENDING | ATR%=1.03 | TP=2.00% | Dev=3.00%
2026-02-24 01:44:57,894 [INFO] 🔄 Regime change for SOL/USDC: DISTRIBUTION → TRENDING
2026-02-24 01:44:57,918 [DEBUG] SOL/USDC: $76.5630 | regime=TRENDING | ATR%=1.15 | TP=2.00% | Dev=3.00%
2026-02-24 01:44:59,299 [DEBUG] BTC/USDC: $63135.0000 | regime=TRENDING | ATR%=0.90 | TP=2.00% | Dev=3.00%
2026-02-24 01:44:59,390 [INFO] Equity: $9775.42 (-2.25%) | Cash: $3246.02 | Deals: 3 active, 4 completed | DD: 2.4%
2026-02-24 01:44:59,395 [DEBUG] Sleeping 3600s until next cycle...
2026-02-24 02:45:01,938 [INFO] ── Cycle 14 at 2026-02-24T10:45:01+00:00 ──
2026-02-24 02:45:04,685 [DEBUG] ETH/USDC: $1822.1000 | regime=TRENDING | ATR%=1.00 | TP=2.00% | Dev=3.00%
2026-02-24 02:45:06,592 [INFO] 🔄 Regime change for SOL/USDC: TRENDING → DISTRIBUTION
2026-02-24 02:45:06,598 [DEBUG] SOL/USDC: $76.4400 | regime=DISTRIBUTION | ATR%=1.13 | TP=1.91% | Dev=3.00%
2026-02-24 02:45:08,264 [DEBUG] BTC/USDC: $63195.0000 | regime=TRENDING | ATR%=0.85 | TP=1.92% | Dev=3.00%
2026-02-24 02:45:08,404 [INFO] Equity: $9775.99 (-2.24%) | Cash: $3246.02 | Deals: 3 active, 4 completed | DD: 2.4%
2026-02-24 02:45:08,407 [DEBUG] Sleeping 3600s until next cycle...
2026-02-24 03:45:10,921 [INFO] ── Cycle 15 at 2026-02-24T11:45:10+00:00 ──
2026-02-24 03:45:13,844 [DEBUG] ETH/USDC: $1820.9000 | regime=TRENDING | ATR%=0.99 | TP=2.00% | Dev=3.00%
2026-02-24 03:45:15,796 [DEBUG] SOL/USDC: $76.7230 | regime=DISTRIBUTION | ATR%=1.12 | TP=1.90% | Dev=3.00%
2026-02-24 03:45:17,385 [DEBUG] BTC/USDC: $63192.0000 | regime=TRENDING | ATR%=0.85 | TP=1.92% | Dev=3.00%
2026-02-24 03:45:17,502 [INFO] Equity: $9778.03 (-2.22%) | Cash: $3246.02 | Deals: 3 active, 4 completed | DD: 2.4%
2026-02-24 03:45:17,532 [DEBUG] Sleeping 3600s until next cycle...
2026-02-24 04:44:03,048 [INFO] ============================================================
2026-02-24 04:44:03,048 [INFO] Spot PAPER Trader starting
2026-02-24 04:44:03,049 [INFO] Exchange: hyperliquid | Profile: medium | Capital: $10000
2026-02-24 04:44:03,049 [INFO] Symbols: ['ETH/USDC', 'SOL/USDC', 'BTC/USDC'] | Timeframe: 1h | Max coins: 3
2026-02-24 04:44:03,049 [INFO] ============================================================
2026-02-24 04:44:03,076 [INFO] Connected to hyperliquid
2026-02-24 04:44:03,092 [INFO] State loaded: cash=$200.00, 1 active deals, 0 completed, symbols=['HYPE/USDC'], live=False
2026-02-24 04:44:04,496 [INFO] ── Cycle 1 at 2026-02-24T12:44:04+00:00 ──
2026-02-24 04:44:18,869 [DEBUG] HYPE/USDC: $26.4040 | regime=ACCUMULATION | ATR%=1.28 | TP=2.00% | Dev=3.00%
2026-02-24 04:44:18,870 [INFO] Equity: $9640.45 (-3.60%) | Cash: $200.00 | Deals: 1 active, 0 completed | DD: 3.6%
2026-02-24 04:44:18,872 [DEBUG] Sleeping 3600s until next cycle...
2026-02-24 04:45:22,153 [INFO] ── Cycle 16 at 2026-02-24T12:45:21+00:00 ──
2026-02-24 04:45:27,163 [DEBUG] ETH/USDC: $1823.8000 | regime=TRENDING | ATR%=0.99 | TP=2.00% | Dev=3.00%
2026-02-24 04:45:28,896 [DEBUG] SOL/USDC: $76.6080 | regime=DISTRIBUTION | ATR%=1.11 | TP=1.87% | Dev=3.00%
2026-02-24 04:45:30,338 [DEBUG] BTC/USDC: $63115.0000 | regime=TRENDING | ATR%=0.83 | TP=1.87% | Dev=3.00%
2026-02-24 04:45:30,420 [INFO] Equity: $9777.44 (-2.23%) | Cash: $3246.02 | Deals: 3 active, 4 completed | DD: 2.4%
2026-02-24 04:45:30,423 [DEBUG] Sleeping 3600s until next cycle...
2026-02-24 04:45:54,665 [INFO] ============================================================
2026-02-24 04:45:54,665 [INFO] Spot PAPER Trader starting
2026-02-24 04:45:54,665 [INFO] Exchange: hyperliquid | Profile: medium | Capital: $10000
2026-02-24 04:45:54,665 [INFO] Symbols: ['ETH/USDC', 'SOL/USDC', 'BTC/USDC'] | Timeframe: 1h | Max coins: 3
2026-02-24 04:45:54,665 [INFO] ============================================================
2026-02-24 04:45:54,672 [INFO] Connected to hyperliquid
2026-02-24 04:45:54,687 [INFO] State loaded: cash=$200.00, 1 active deals, 0 completed, symbols=['HYPE/USDC'], live=False
2026-02-24 04:45:55,960 [INFO] ── Cycle 1 at 2026-02-24T12:45:55+00:00 ──
2026-02-24 04:46:10,973 [DEBUG] HYPE/USDC: $26.4150 | regime=ACCUMULATION | ATR%=1.28 | TP=2.00% | Dev=3.00%
2026-02-24 04:46:10,989 [INFO] Equity: $9644.39 (-3.56%) | Cash: $200.00 | Deals: 1 active, 0 completed | DD: 3.6%
2026-02-24 04:46:11,006 [DEBUG] Sleeping 3600s until next cycle...
2026-02-24 04:53:52,973 [INFO] 🔄 Lifecycle engine created for ETH/USDC (profile=medium, ATH=$4878)
2026-02-24 04:53:53,008 [INFO] Loaded 2400 candles from DB for ETH/USDC conductor warmup
2026-02-24 04:53:53,110 [INFO] 🔥 Conductor warmup for ETH/USDC: 2400 candles → ready
2026-02-24 04:53:53,113 [INFO] 🔄 Lifecycle engine created for SOL/USDC (profile=medium, ATH=$260)
2026-02-24 04:53:53,121 [INFO] Loaded 2400 candles from DB for SOL/USDC conductor warmup
2026-02-24 04:53:53,202 [INFO] 🔥 Conductor warmup for SOL/USDC: 2400 candles → ready
2026-02-24 04:53:53,202 [INFO] 🔄 Lifecycle engine created for BTC/USDC (profile=medium, ATH=$109000)
2026-02-24 04:53:53,226 [INFO] Loaded 2400 candles from DB for BTC/USDC conductor warmup
2026-02-24 04:53:53,322 [INFO] 🔥 Conductor warmup for BTC/USDC: 2400 candles → ready
2026-02-24 04:53:53,322 [INFO] 🔗 Coin pipeline enabled (check every 4.0h)
2026-02-24 04:53:53,322 [INFO] ============================================================
2026-02-24 04:53:53,322 [INFO] Spot PAPER Trader starting
2026-02-24 04:53:53,322 [INFO] Exchange: hyperliquid | Profile: medium | Capital: $10000
2026-02-24 04:53:53,322 [INFO] Symbols: ['ETH/USDC', 'SOL/USDC', 'BTC/USDC'] | Timeframe: 1h | Max coins: 3
2026-02-24 04:53:53,322 [INFO] ============================================================
2026-02-24 04:53:53,327 [INFO] Connected to hyperliquid
2026-02-24 04:53:53,342 [INFO] State loaded: cash=$3246.02, 3 active deals, 4 completed, symbols=['ETH/USDC', 'SOL/USDC', 'BTC/USDC'], live=False
2026-02-24 04:54:07,160 [INFO] 🎯 ETH/USDC: Cold-start → DCA (500 candles, CFGI=42) — DCA (62.6% below ATH, regime=TRENDING, trend=bearish, CFGI=42)
2026-02-24 04:54:08,865 [INFO] 🎯 SOL/USDC: Cold-start → DCA (500 candles, CFGI=40) — DCA (70.5% below ATH, regime=DISTRIBUTION, trend=bearish, CFGI=40)
2026-02-24 04:54:10,521 [INFO] 🎯 BTC/USDC: Cold-start → MARKDOWN (500 candles, CFGI=48) — MARKDOWN (42.1% below ATH, regime=TRENDING, trend=bearish, CFGI=48)
2026-02-24 04:54:10,521 [WARNING] ⚠️ BTC/USDC detected in MARKDOWN — DCA deals blocked until phase changes
2026-02-24 04:54:11,738 [INFO] [LIFECYCLE] Restored state for ETH/USDC: phase=DCA
2026-02-24 04:54:11,738 [INFO] [LIFECYCLE] Restored state for SOL/USDC: phase=DCA
2026-02-24 04:54:11,738 [INFO] [LIFECYCLE] Restored state for BTC/USDC: phase=DCA
2026-02-24 04:54:12,883 [INFO] ── Cycle 1 at 2026-02-24T12:54:12+00:00 ──
2026-02-24 04:54:14,298 [DEBUG] ETH/USDC: $1825.5000 | regime=TRENDING | ATR%=0.99 | TP=2.00% | Dev=3.00%
2026-02-24 04:54:15,780 [DEBUG] SOL/USDC: $76.6770 | regime=DISTRIBUTION | ATR%=1.11 | TP=1.87% | Dev=3.00%
2026-02-24 04:54:17,523 [DEBUG] BTC/USDC: $63060.0000 | regime=TRENDING | ATR%=0.85 | TP=1.90% | Dev=3.00%
2026-02-24 04:54:17,614 [INFO] Equity: $9778.57 (-2.21%) | Cash: $3246.02 | Deals: 3 active, 4 completed | DD: 2.4%
2026-02-24 04:54:17,616 [DEBUG] Sleeping 3600s until next cycle...
2026-02-24 05:54:19,616 [INFO] ── Cycle 2 at 2026-02-24T13:54:19+00:00 ──
2026-02-24 05:54:22,195 [INFO] 🔄 Regime change for ETH/USDC: TRENDING → ACCUMULATION
2026-02-24 05:54:22,205 [DEBUG] ETH/USDC: $1817.2000 | regime=ACCUMULATION | ATR%=1.04 | TP=1.65% | Dev=2.75%
2026-02-24 05:54:23,704 [DEBUG] SOL/USDC: $76.5980 | regime=DISTRIBUTION | ATR%=1.09 | TP=1.84% | Dev=3.00%
2026-02-24 05:54:25,124 [INFO] 🔄 Regime change for BTC/USDC: TRENDING → ACCUMULATION
2026-02-24 05:54:25,124 [DEBUG] BTC/USDC: $62956.0000 | regime=ACCUMULATION | ATR%=0.87 | TP=1.39% | Dev=2.32%
2026-02-24 05:54:25,197 [INFO] Equity: $9760.55 (-2.39%) | Cash: $3246.02 | Deals: 3 active, 4 completed | DD: 2.6%
2026-02-24 05:54:25,201 [DEBUG] Sleeping 3600s until next cycle...
2026-02-24 06:54:27,432 [INFO] ── Cycle 3 at 2026-02-24T14:54:27+00:00 ──
2026-02-24 06:54:29,666 [INFO] 🔄 Regime change for ETH/USDC: ACCUMULATION → TRENDING
2026-02-24 06:54:29,666 [DEBUG] ETH/USDC: $1840.4000 | regime=TRENDING | ATR%=1.14 | TP=2.00% | Dev=3.00%
2026-02-24 06:54:31,067 [INFO] 🔄 Regime change for SOL/USDC: DISTRIBUTION → ACCUMULATION
2026-02-24 06:54:31,071 [DEBUG] SOL/USDC: $77.0990 | regime=ACCUMULATION | ATR%=1.18 | TP=1.88% | Dev=3.00%
2026-02-24 06:54:32,482 [INFO] 🔄 Regime change for BTC/USDC: ACCUMULATION → TRENDING
2026-02-24 06:54:32,484 [DEBUG] BTC/USDC: $63652.0000 | regime=TRENDING | ATR%=0.94 | TP=2.00% | Dev=3.00%
2026-02-24 06:54:32,579 [INFO] Equity: $9832.37 (-1.68%) | Cash: $3246.02 | Deals: 3 active, 4 completed | DD: 1.8%
2026-02-24 06:54:32,583 [DEBUG] Sleeping 3600s until next cycle...
2026-02-24 07:54:34,175 [INFO] ── Cycle 4 at 2026-02-24T15:54:34+00:00 ──
2026-02-24 07:54:36,698 [DEBUG] ETH/USDC: $1844.7000 | regime=TRENDING | ATR%=1.01 | TP=2.00% | Dev=3.00%
2026-02-24 07:54:37,979 [INFO] 🔄 Regime change for SOL/USDC: ACCUMULATION → DISTRIBUTION
2026-02-24 07:54:37,979 [DEBUG] SOL/USDC: $77.0870 | regime=DISTRIBUTION | ATR%=1.00 | TP=1.69% | Dev=2.81%
2026-02-24 07:54:39,451 [DEBUG] BTC/USDC: $63855.0000 | regime=TRENDING | ATR%=0.84 | TP=1.90% | Dev=3.00%
2026-02-24 07:54:39,534 [INFO] Equity: $9847.41 (-1.53%) | Cash: $3246.02 | Deals: 3 active, 4 completed | DD: 1.7%
2026-02-24 07:54:39,540 [DEBUG] Sleeping 3600s until next cycle...
2026-02-24 08:52:36,491 [INFO] 🔄 Lifecycle engine created for ETH/USDC (profile=medium, ATH=$4878)
2026-02-24 08:52:36,533 [INFO] Loaded 2400 candles from DB for ETH/USDC conductor warmup
2026-02-24 08:52:36,628 [INFO] 🔥 Conductor warmup for ETH/USDC: 2400 candles → ready
2026-02-24 08:52:36,636 [INFO] 🔄 Lifecycle engine created for SOL/USDC (profile=medium, ATH=$260)
2026-02-24 08:52:36,667 [INFO] Loaded 2400 candles from DB for SOL/USDC conductor warmup
2026-02-24 08:52:36,725 [INFO] 🔥 Conductor warmup for SOL/USDC: 2400 candles → ready
2026-02-24 08:52:36,725 [INFO] 🔄 Lifecycle engine created for BTC/USDC (profile=medium, ATH=$109000)
2026-02-24 08:52:36,745 [INFO] Loaded 2400 candles from DB for BTC/USDC conductor warmup
2026-02-24 08:52:36,820 [INFO] 🔥 Conductor warmup for BTC/USDC: 2400 candles → ready
2026-02-24 08:52:36,822 [INFO] 🔗 Coin pipeline enabled (check every 4.0h)
2026-02-24 08:52:36,822 [INFO] ============================================================
2026-02-24 08:52:36,822 [INFO] Spot PAPER Trader starting
2026-02-24 08:52:36,822 [INFO] Exchange: hyperliquid | Profile: medium | Capital: $10000
2026-02-24 08:52:36,822 [INFO] Symbols: ['ETH/USDC', 'SOL/USDC', 'BTC/USDC'] | Timeframe: 1h | Max coins: 3
2026-02-24 08:52:36,822 [INFO] ============================================================
2026-02-24 08:52:36,836 [INFO] Connected to hyperliquid
2026-02-24 08:52:36,846 [INFO] State loaded: cash=$3246.02, 3 active deals, 4 completed, symbols=['ETH/USDC', 'SOL/USDC', 'BTC/USDC'], live=False
2026-02-24 08:52:51,276 [INFO] 🎯 ETH/USDC: Cold-start → DCA (500 candles, CFGI=42) — DCA (62.2% below ATH, regime=TRENDING, trend=bearish, CFGI=42)
2026-02-24 08:52:52,905 [INFO] 🎯 SOL/USDC: Cold-start → DCA (500 candles, CFGI=40) — DCA (70.2% below ATH, regime=DISTRIBUTION, trend=bearish, CFGI=40)
2026-02-24 08:52:54,395 [INFO] 🎯 BTC/USDC: Cold-start → MARKDOWN (500 candles, CFGI=48) — MARKDOWN (41.4% below ATH, regime=TRENDING, trend=bearish, CFGI=48)
2026-02-24 08:52:54,395 [WARNING] ⚠️ BTC/USDC detected in MARKDOWN — DCA deals blocked until phase changes
2026-02-24 08:52:55,492 [INFO] [LIFECYCLE] Restored state for ETH/USDC: phase=DCA
2026-02-24 08:52:55,492 [INFO] [LIFECYCLE] Restored state for SOL/USDC: phase=DCA
2026-02-24 08:52:55,492 [INFO] [LIFECYCLE] Restored state for BTC/USDC: phase=DCA
2026-02-24 08:52:56,601 [INFO] ── Cycle 1 at 2026-02-24T16:52:56+00:00 ──
2026-02-24 08:52:57,870 [DEBUG] ETH/USDC: $1846.2000 | regime=TRENDING | ATR%=1.04 | TP=2.00% | Dev=3.00%
2026-02-24 08:52:59,183 [DEBUG] SOL/USDC: $77.5280 | regime=DISTRIBUTION | ATR%=1.01 | TP=1.70% | Dev=2.84%
2026-02-24 08:53:00,342 [DEBUG] BTC/USDC: $63852.0000 | regime=TRENDING | ATR%=0.88 | TP=1.97% | Dev=3.00%
2026-02-24 08:53:00,421 [INFO] Equity: $9855.71 (-1.44%) | Cash: $3246.02 | Deals: 3 active, 4 completed | DD: 1.6%
2026-02-24 08:53:00,424 [DEBUG] Sleeping 3600s until next cycle...
2026-02-24 09:53:02,290 [INFO] ── Cycle 2 at 2026-02-24T17:53:02+00:00 ──
2026-02-24 09:53:05,171 [DEBUG] ETH/USDC: $1849.8000 | regime=TRENDING | ATR%=1.01 | TP=2.00% | Dev=3.00%
2026-02-24 09:53:06,600 [DEBUG] SOL/USDC: $77.9220 | regime=DISTRIBUTION | ATR%=0.96 | TP=1.62% | Dev=2.71%
2026-02-24 09:53:07,953 [INFO] 🔄 Regime change for BTC/USDC: TRENDING → ACCUMULATION
2026-02-24 09:53:07,953 [DEBUG] BTC/USDC: $64084.0000 | regime=ACCUMULATION | ATR%=0.83 | TP=1.33% | Dev=2.21%
2026-02-24 09:53:08,026 [INFO] 📤 DEAL 7 LOT 2 SOLD: BTC/USDC @ $63904.9675, PnL=$20.11
2026-02-24 09:53:09,167 [INFO] Equity: $9871.79 (-1.28%) | Cash: $4866.14 | Deals: 3 active, 4 completed | DD: 1.4%
2026-02-24 09:53:09,174 [DEBUG] Sleeping 3600s until next cycle...
2026-02-24 10:20:27,328 [INFO] 🔄 Lifecycle engine created for ETH/USDC (profile=medium, ATH=$4878)
2026-02-24 10:20:27,397 [INFO] Loaded 2400 candles from DB for ETH/USDC conductor warmup
2026-02-24 10:20:27,501 [INFO] 🔥 Conductor warmup for ETH/USDC: 2400 candles → ready
2026-02-24 10:20:27,510 [INFO] 🔄 Lifecycle engine created for SOL/USDC (profile=medium, ATH=$260)
2026-02-24 10:20:27,533 [INFO] Loaded 2400 candles from DB for SOL/USDC conductor warmup
2026-02-24 10:20:27,594 [INFO] 🔥 Conductor warmup for SOL/USDC: 2400 candles → ready
2026-02-24 10:20:27,594 [INFO] 🔄 Lifecycle engine created for BTC/USDC (profile=medium, ATH=$109000)
2026-02-24 10:20:27,622 [INFO] Loaded 2400 candles from DB for BTC/USDC conductor warmup
2026-02-24 10:20:27,691 [INFO] 🔥 Conductor warmup for BTC/USDC: 2400 candles → ready
2026-02-24 10:20:27,691 [INFO] 🔗 Coin pipeline enabled (check every 4.0h)
2026-02-24 10:20:27,691 [INFO] ============================================================
2026-02-24 10:20:27,691 [INFO] Spot PAPER Trader starting
2026-02-24 10:20:27,691 [INFO] Exchange: hyperliquid | Profile: medium | Capital: $10000
2026-02-24 10:20:27,691 [INFO] Symbols: ['ETH/USDC', 'SOL/USDC', 'BTC/USDC'] | Timeframe: 1h | Max coins: 3
2026-02-24 10:20:27,691 [INFO] ============================================================
2026-02-24 10:20:27,697 [INFO] Connected to hyperliquid
2026-02-24 10:20:27,714 [INFO] State loaded: cash=$4866.14, 3 active deals, 4 completed, symbols=['ETH/USDC', 'SOL/USDC', 'BTC/USDC'], live=False
2026-02-24 10:20:41,165 [INFO] 🎯 ETH/USDC: Cold-start → DCA (500 candles, CFGI=42) — DCA (62.0% below ATH, regime=EXTREME, trend=bearish, CFGI=42)
2026-02-24 10:20:42,888 [INFO] 🎯 SOL/USDC: Cold-start → DCA (500 candles, CFGI=40) — DCA (70.0% below ATH, regime=DISTRIBUTION, trend=bearish, CFGI=40)
2026-02-24 10:20:44,497 [INFO] 🎯 BTC/USDC: Cold-start → DCA (500 candles, CFGI=48) — DCA (41.0% below ATH, regime=ACCUMULATION, trend=bearish, CFGI=48)
2026-02-24 10:20:44,497 [INFO] [LIFECYCLE] Restored state for ETH/USDC: phase=DCA
2026-02-24 10:20:44,497 [INFO] [LIFECYCLE] Restored state for SOL/USDC: phase=DCA
2026-02-24 10:20:44,497 [INFO] [LIFECYCLE] Restored state for BTC/USDC: phase=DCA
2026-02-24 10:20:45,680 [INFO] ── Cycle 1 at 2026-02-24T18:20:45+00:00 ──
2026-02-24 10:20:47,099 [DEBUG] ETH/USDC: $1852.5000 | regime=EXTREME | ATR%=0.99 | TP=1.30% | Dev=3.00%
2026-02-24 10:20:47,203 [INFO] 📤 DEAL 5 LOT 2 SOLD: ETH/USDC @ $1847.3173, PnL=$19.62
2026-02-24 10:20:50,975 [DEBUG] SOL/USDC: $77.9520 | regime=DISTRIBUTION | ATR%=0.94 | TP=1.59% | Dev=2.65%
2026-02-24 10:20:52,442 [DEBUG] BTC/USDC: $64265.0000 | regime=ACCUMULATION | ATR%=0.80 | TP=1.27% | Dev=2.12%
2026-02-24 10:20:52,543 [INFO] Equity: $9874.61 (-1.25%) | Cash: $6485.75 | Deals: 3 active, 4 completed | DD: 1.4%
2026-02-24 10:20:52,546 [DEBUG] Sleeping 3600s until next cycle...
2026-02-24 10:28:18,596 [INFO] 🔄 Lifecycle engine created for ETH/USDC (profile=medium, ATH=$4878)
2026-02-24 10:28:18,647 [INFO] Loaded 2400 candles from DB for ETH/USDC conductor warmup
2026-02-24 10:28:18,791 [INFO] 🔥 Conductor warmup for ETH/USDC: 2400 candles → ready
2026-02-24 10:28:18,791 [INFO] 🔄 Lifecycle engine created for SOL/USDC (profile=medium, ATH=$260)
2026-02-24 10:28:18,811 [INFO] Loaded 2400 candles from DB for SOL/USDC conductor warmup
2026-02-24 10:28:18,876 [INFO] 🔥 Conductor warmup for SOL/USDC: 2400 candles → ready
2026-02-24 10:28:18,887 [INFO] 🔄 Lifecycle engine created for BTC/USDC (profile=medium, ATH=$109000)
2026-02-24 10:28:18,907 [INFO] Loaded 2400 candles from DB for BTC/USDC conductor warmup
2026-02-24 10:28:18,970 [INFO] 🔥 Conductor warmup for BTC/USDC: 2400 candles → ready
2026-02-24 10:28:18,970 [INFO] 🔗 Coin pipeline enabled (check every 4.0h)
2026-02-24 10:28:18,970 [INFO] ============================================================
2026-02-24 10:28:18,970 [INFO] Spot PAPER Trader starting
2026-02-24 10:28:18,970 [INFO] Exchange: hyperliquid | Profile: medium | Capital: $10000
2026-02-24 10:28:18,970 [INFO] Symbols: ['ETH/USDC', 'SOL/USDC', 'BTC/USDC'] | Timeframe: 1h | Max coins: 3
2026-02-24 10:28:18,970 [INFO] ============================================================
2026-02-24 10:28:18,974 [INFO] Connected to hyperliquid
2026-02-24 10:28:18,989 [INFO] State loaded: cash=$6485.75, 3 active deals, 4 completed, symbols=['ETH/USDC', 'SOL/USDC', 'BTC/USDC'], live=False
2026-02-24 10:28:32,789 [INFO] 🎯 ETH/USDC: Cold-start → DCA (500 candles, CFGI=42) — DCA (62.0% below ATH, regime=EXTREME, trend=bearish, CFGI=42)
2026-02-24 10:28:33,890 [INFO] 🎯 SOL/USDC: Cold-start → DCA (500 candles, CFGI=40) — DCA (70.0% below ATH, regime=DISTRIBUTION, trend=bearish, CFGI=40)
2026-02-24 10:28:42,064 [INFO] 🔄 Lifecycle engine created for ETH/USDC (profile=medium, ATH=$4878)
2026-02-24 10:28:42,086 [INFO] Loaded 2400 candles from DB for ETH/USDC conductor warmup
2026-02-24 10:28:42,191 [INFO] 🔥 Conductor warmup for ETH/USDC: 2400 candles → ready
2026-02-24 10:28:42,194 [INFO] 🔄 Lifecycle engine created for SOL/USDC (profile=medium, ATH=$260)
2026-02-24 10:28:42,218 [INFO] Loaded 2400 candles from DB for SOL/USDC conductor warmup
2026-02-24 10:28:42,301 [INFO] 🔥 Conductor warmup for SOL/USDC: 2400 candles → ready
2026-02-24 10:28:42,308 [INFO] 🔄 Lifecycle engine created for BTC/USDC (profile=medium, ATH=$109000)
2026-02-24 10:28:42,319 [INFO] Loaded 2400 candles from DB for BTC/USDC conductor warmup
2026-02-24 10:28:42,412 [INFO] 🔥 Conductor warmup for BTC/USDC: 2400 candles → ready
2026-02-24 10:28:42,412 [INFO] 🔗 Coin pipeline enabled (check every 4.0h)
2026-02-24 10:28:42,412 [INFO] ============================================================
2026-02-24 10:28:42,412 [INFO] Spot PAPER Trader starting
2026-02-24 10:28:42,412 [INFO] Exchange: hyperliquid | Profile: medium | Capital: $10000
2026-02-24 10:28:42,412 [INFO] Symbols: ['ETH/USDC', 'SOL/USDC', 'BTC/USDC'] | Timeframe: 1h | Max coins: 3
2026-02-24 10:28:42,412 [INFO] ============================================================
2026-02-24 10:28:42,416 [INFO] Connected to hyperliquid
2026-02-24 10:28:42,418 [INFO] State loaded: cash=$6485.75, 3 active deals, 4 completed, symbols=['ETH/USDC', 'SOL/USDC', 'BTC/USDC'], live=False
2026-02-24 10:28:56,105 [INFO] 🎯 ETH/USDC: Cold-start → DCA (500 candles, CFGI=42) — DCA (62.0% below ATH, regime=EXTREME, trend=bearish, CFGI=42)
2026-02-24 10:28:57,776 [INFO] 🎯 SOL/USDC: Cold-start → DCA (500 candles, CFGI=40) — DCA (70.0% below ATH, regime=DISTRIBUTION, trend=bearish, CFGI=40)
2026-02-24 10:28:59,313 [INFO] 🎯 BTC/USDC: Cold-start → DCA (500 candles, CFGI=48) — DCA (41.0% below ATH, regime=ACCUMULATION, trend=bearish, CFGI=48)
2026-02-24 10:28:59,313 [INFO] [LIFECYCLE] Restored state for ETH/USDC: phase=DCA
2026-02-24 10:28:59,313 [INFO] [LIFECYCLE] Restored state for SOL/USDC: phase=DCA
2026-02-24 10:28:59,313 [INFO] [LIFECYCLE] Restored state for BTC/USDC: phase=DCA
2026-02-24 10:29:00,481 [INFO] ── Cycle 1 at 2026-02-24T18:29:00+00:00 ──
2026-02-24 10:29:01,860 [DEBUG] ETH/USDC: $1852.0000 | regime=EXTREME | ATR%=0.99 | TP=1.30% | Dev=3.00%
2026-02-24 10:29:03,542 [DEBUG] SOL/USDC: $78.0130 | regime=DISTRIBUTION | ATR%=0.94 | TP=1.59% | Dev=2.65%
2026-02-24 10:29:04,992 [DEBUG] BTC/USDC: $64284.0000 | regime=ACCUMULATION | ATR%=0.80 | TP=1.27% | Dev=2.12%
2026-02-24 10:29:05,075 [INFO] Equity: $9875.50 (-1.25%) | Cash: $6485.75 | Deals: 3 active, 4 completed | DD: 1.4%
2026-02-24 10:29:05,082 [DEBUG] Sleeping 3600s until next cycle...
2026-02-24 11:29:07,835 [INFO] ── Cycle 2 at 2026-02-24T19:29:07+00:00 ──
2026-02-24 11:29:10,681 [INFO] 🔄 Regime change for ETH/USDC: EXTREME → TRENDING
2026-02-24 11:29:10,681 [DEBUG] ETH/USDC: $1851.3000 | regime=TRENDING | ATR%=0.95 | TP=2.00% | Dev=3.00%
2026-02-24 11:29:12,288 [DEBUG] SOL/USDC: $78.2790 | regime=DISTRIBUTION | ATR%=0.89 | TP=1.51% | Dev=2.52%
2026-02-24 11:29:13,857 [DEBUG] BTC/USDC: $64311.0000 | regime=ACCUMULATION | ATR%=0.77 | TP=1.22% | Dev=2.04%
2026-02-24 11:29:13,963 [INFO] Equity: $9879.28 (-1.21%) | Cash: $6485.75 | Deals: 3 active, 4 completed | DD: 1.4%
2026-02-24 11:29:13,963 [DEBUG] Sleeping 3600s until next cycle...
2026-02-24 12:29:16,294 [INFO] ── Cycle 3 at 2026-02-24T20:29:16+00:00 ──
2026-02-24 12:29:19,077 [DEBUG] ETH/USDC: $1858.0000 | regime=TRENDING | ATR%=0.93 | TP=2.00% | Dev=3.00%
2026-02-24 12:29:20,690 [DEBUG] SOL/USDC: $78.7820 | regime=DISTRIBUTION | ATR%=0.89 | TP=1.50% | Dev=2.51%
2026-02-24 12:29:20,787 [INFO] 📦 DEAL 6 SO3 FILLED: SOL/USDC @ $80.0774 ($3200.00)
2026-02-24 12:29:23,531 [DEBUG] BTC/USDC: $64468.0000 | regime=ACCUMULATION | ATR%=0.74 | TP=1.18% | Dev=2.00%
2026-02-24 12:29:23,673 [INFO] Equity: $9839.95 (-1.60%) | Cash: $3285.75 | Deals: 3 active, 4 completed | DD: 1.8%
2026-02-24 12:29:23,677 [DEBUG] Sleeping 3600s until next cycle...
2026-02-24 13:29:25,880 [INFO] ── Cycle 4 at 2026-02-24T21:29:25+00:00 ──
2026-02-24 13:29:28,545 [INFO] 🔄 Regime change for ETH/USDC: TRENDING → MILD_TREND
2026-02-24 13:29:28,548 [DEBUG] ETH/USDC: $1848.4000 | regime=MILD_TREND | ATR%=0.93 | TP=1.83% | Dev=3.00%
2026-02-24 13:29:30,154 [DEBUG] SOL/USDC: $78.5100 | regime=DISTRIBUTION | ATR%=0.89 | TP=1.50% | Dev=2.50%
2026-02-24 13:29:31,910 [INFO] 🔄 Regime change for BTC/USDC: ACCUMULATION → TRENDING
2026-02-24 13:29:31,915 [DEBUG] BTC/USDC: $63883.0000 | regime=TRENDING | ATR%=0.77 | TP=1.73% | Dev=3.00%
2026-02-24 13:29:32,033 [INFO] Equity: $9808.89 (-1.91%) | Cash: $3285.75 | Deals: 3 active, 4 completed | DD: 2.1%
2026-02-24 13:29:32,037 [DEBUG] Sleeping 3600s until next cycle...
2026-02-24 14:29:34,875 [INFO] ── Cycle 5 at 2026-02-24T22:29:34+00:00 ──
2026-02-24 14:29:37,543 [DEBUG] ETH/USDC: $1859.7000 | regime=MILD_TREND | ATR%=0.89 | TP=1.76% | Dev=3.00%
2026-02-24 14:29:39,004 [INFO] 🔄 Regime change for SOL/USDC: DISTRIBUTION → TRENDING
2026-02-24 14:29:39,009 [DEBUG] SOL/USDC: $79.0310 | regime=TRENDING | ATR%=0.90 | TP=2.00% | Dev=3.00%
2026-02-24 14:29:40,508 [INFO] 🔄 Regime change for BTC/USDC: TRENDING → ACCUMULATION
2026-02-24 14:29:40,508 [DEBUG] BTC/USDC: $64134.0000 | regime=ACCUMULATION | ATR%=0.76 | TP=1.21% | Dev=2.01%
2026-02-24 14:29:40,590 [INFO] Equity: $9848.49 (-1.52%) | Cash: $3285.75 | Deals: 3 active, 4 completed | DD: 1.7%
2026-02-24 14:29:40,592 [DEBUG] Sleeping 3600s until next cycle...
2026-02-24 15:29:43,032 [INFO] ── Cycle 6 at 2026-02-24T23:29:43+00:00 ──
2026-02-24 15:29:46,407 [DEBUG] ETH/USDC: $1857.8000 | regime=MILD_TREND | ATR%=0.86 | TP=1.68% | Dev=2.94%
2026-02-24 15:29:48,068 [DEBUG] SOL/USDC: $79.3480 | regime=TRENDING | ATR%=0.86 | TP=1.94% | Dev=3.00%
2026-02-24 15:29:49,463 [DEBUG] BTC/USDC: $64174.0000 | regime=ACCUMULATION | ATR%=0.75 | TP=1.19% | Dev=2.00%
2026-02-24 15:29:49,554 [INFO] Equity: $9865.14 (-1.35%) | Cash: $3285.75 | Deals: 3 active, 4 completed | DD: 1.5%
2026-02-24 15:29:49,566 [DEBUG] Sleeping 3600s until next cycle...
2026-02-24 16:29:53,317 [INFO] ── Cycle 7 at 2026-02-25T00:29:53+00:00 ──
2026-02-24 16:29:58,479 [DEBUG] ETH/USDC: $1847.3000 | regime=MILD_TREND | ATR%=0.85 | TP=1.67% | Dev=2.92%
2026-02-24 16:29:59,997 [INFO] 🔄 Regime change for SOL/USDC: TRENDING → ACCUMULATION
2026-02-24 16:29:59,997 [DEBUG] SOL/USDC: $78.7490 | regime=ACCUMULATION | ATR%=0.88 | TP=1.41% | Dev=2.35%
2026-02-24 16:30:01,363 [INFO] 🔄 Regime change for BTC/USDC: ACCUMULATION → MILD_TREND
2026-02-24 16:30:01,363 [DEBUG] BTC/USDC: $63960.0000 | regime=MILD_TREND | ATR%=0.75 | TP=1.48% | Dev=2.58%
2026-02-24 16:30:01,464 [INFO] Equity: $9822.48 (-1.78%) | Cash: $3285.75 | Deals: 3 active, 4 completed | DD: 1.9%
2026-02-24 16:30:01,468 [DEBUG] Sleeping 3600s until next cycle...
2026-02-24 17:30:04,233 [INFO] ── Cycle 8 at 2026-02-25T01:30:04+00:00 ──
2026-02-24 17:30:06,762 [INFO] 🔄 Regime change for ETH/USDC: MILD_TREND → TRENDING
2026-02-24 17:30:06,823 [DEBUG] ETH/USDC: $1910.1000 | regime=TRENDING | ATR%=1.08 | TP=2.00% | Dev=3.00%
2026-02-24 17:30:08,060 [INFO] 🔄 Regime change for SOL/USDC: ACCUMULATION → EXTREME
2026-02-24 17:30:08,076 [DEBUG] SOL/USDC: $81.9820 | regime=EXTREME | ATR%=1.14 | TP=1.49% | Dev=3.00%
2026-02-24 17:30:08,167 [INFO] 📤 DEAL 6 LOT 3 SOLD: SOL/USDC @ $81.2713, PnL=$45.44
2026-02-24 17:30:11,487 [INFO] 🔄 Regime change for BTC/USDC: MILD_TREND → TRENDING
2026-02-24 17:30:11,489 [DEBUG] BTC/USDC: $66072.0000 | regime=TRENDING | ATR%=0.96 | TP=2.00% | Dev=3.00%
2026-02-24 17:30:11,581 [INFO] Equity: $10044.56 (0.45%) | Cash: $6531.19 | Deals: 3 active, 4 completed | DD: 0.0%
2026-02-24 17:30:11,585 [DEBUG] Sleeping 3600s until next cycle...
2026-02-24 18:30:15,477 [INFO] ── Cycle 9 at 2026-02-25T02:30:15+00:00 ──
2026-02-24 18:30:17,941 [INFO] 🔄 Regime change for ETH/USDC: TRENDING → MILD_TREND
2026-02-24 18:30:17,943 [DEBUG] ETH/USDC: $1930.9000 | regime=MILD_TREND | ATR%=1.13 | TP=2.00% | Dev=3.00%
2026-02-24 18:30:19,395 [DEBUG] SOL/USDC: $82.4250 | regime=EXTREME | ATR%=1.16 | TP=1.52% | Dev=3.00%
2026-02-24 18:30:20,755 [INFO] 🔄 Regime change for BTC/USDC: TRENDING → MILD_TREND
2026-02-24 18:30:20,755 [DEBUG] BTC/USDC: $66175.0000 | regime=MILD_TREND | ATR%=0.95 | TP=1.88% | Dev=3.00%
2026-02-24 18:30:20,860 [INFO] Equity: $10065.51 (0.66%) | Cash: $6531.19 | Deals: 3 active, 4 completed | DD: 0.0%
2026-02-24 18:30:20,866 [DEBUG] Sleeping 3600s until next cycle...
2026-02-24 19:30:23,946 [INFO] ── Cycle 10 at 2026-02-25T03:30:23+00:00 ──
2026-02-24 19:30:26,580 [DEBUG] ETH/USDC: $1910.7000 | regime=MILD_TREND | ATR%=1.11 | TP=2.00% | Dev=3.00%
2026-02-24 19:30:28,225 [INFO] 🔄 Regime change for SOL/USDC: EXTREME → TRENDING
2026-02-24 19:30:28,228 [DEBUG] SOL/USDC: $81.7950 | regime=TRENDING | ATR%=1.19 | TP=2.00% | Dev=3.00%
2026-02-24 19:30:29,747 [DEBUG] BTC/USDC: $65580.0000 | regime=MILD_TREND | ATR%=0.95 | TP=1.88% | Dev=3.00%
2026-02-24 19:30:29,848 [INFO] Equity: $10033.53 (0.34%) | Cash: $6531.19 | Deals: 3 active, 4 completed | DD: 0.3%
2026-02-24 19:30:29,856 [DEBUG] Sleeping 3600s until next cycle...
2026-02-24 20:04:17,108 [INFO] 🔄 Lifecycle engine created for ETH/USDC (profile=medium, ATH=$4957)
2026-02-24 20:04:17,177 [INFO] Loaded 2400 candles from DB for ETH/USDC conductor warmup
2026-02-24 20:04:17,287 [INFO] 🔥 Conductor warmup for ETH/USDC: 2400 candles → ready
2026-02-24 20:04:17,289 [INFO] 🔄 Lifecycle engine created for SOL/USDC (profile=medium, ATH=$296)
2026-02-24 20:04:17,309 [INFO] Loaded 2400 candles from DB for SOL/USDC conductor warmup
2026-02-24 20:04:17,391 [INFO] 🔥 Conductor warmup for SOL/USDC: 2400 candles → ready
2026-02-24 20:04:17,391 [INFO] 🔄 Lifecycle engine created for BTC/USDC (profile=medium, ATH=$109000)
2026-02-24 20:04:17,415 [INFO] Loaded 2400 candles from DB for BTC/USDC conductor warmup
2026-02-24 20:04:17,494 [INFO] 🔥 Conductor warmup for BTC/USDC: 2400 candles → ready
2026-02-24 20:04:17,494 [INFO] 🔗 Coin pipeline enabled (check every 4.0h)
2026-02-24 20:04:17,494 [INFO] ============================================================
2026-02-24 20:04:17,494 [INFO] Spot PAPER Trader starting
2026-02-24 20:04:17,494 [INFO] Exchange: hyperliquid | Profile: medium | Capital: $10000
2026-02-24 20:04:17,494 [INFO] Symbols: ['ETH/USDC', 'SOL/USDC', 'BTC/USDC'] | Timeframe: 1h | Max coins: 3
2026-02-24 20:04:17,494 [INFO] ============================================================
2026-02-24 20:04:17,497 [INFO] Connected to hyperliquid
2026-02-24 20:04:17,524 [INFO] State loaded: cash=$6531.19, 3 active deals, 4 completed, symbols=['ETH/USDC', 'SOL/USDC', 'BTC/USDC'], live=False
2026-02-24 20:04:32,125 [INFO] 🎯 ETH/USDC: Cold-start → DCA (500 candles, CFGI=42) — DCA (61.7% below ATH, regime=DISTRIBUTION, trend=bullish, SMA200=below, CFGI=42)
2026-02-24 20:04:34,008 [INFO] 🎯 SOL/USDC: Cold-start → MARKUP (500 candles, CFGI=40) — MARKUP (72.5% below ATH, regime=TRENDING, trend=bullish, SMA200=below, CFGI=40)
2026-02-24 20:04:35,733 [INFO] 🎯 BTC/USDC: Cold-start → DCA (500 candles, CFGI=48) — DCA (40.1% below ATH, regime=DISTRIBUTION, trend=bullish, SMA200=below, CFGI=48)
2026-02-24 20:04:35,737 [INFO] [LIFECYCLE] Restored state for ETH/USDC: phase=DCA
2026-02-24 20:04:35,737 [INFO] [LIFECYCLE] Restored state for SOL/USDC: phase=DCA
2026-02-24 20:04:35,737 [INFO] [LIFECYCLE] Restored state for BTC/USDC: phase=DCA
2026-02-24 20:04:37,022 [INFO] ── Cycle 1 at 2026-02-25T04:04:37+00:00 ──
2026-02-24 20:04:38,550 [DEBUG] ETH/USDC: $1899.2000 | regime=DISTRIBUTION | ATR%=1.00 | TP=1.69% | Dev=2.81%
2026-02-24 20:04:40,068 [DEBUG] SOL/USDC: $81.3370 | regime=TRENDING | ATR%=1.10 | TP=2.00% | Dev=3.00%
2026-02-24 20:04:41,823 [DEBUG] BTC/USDC: $65258.0000 | regime=DISTRIBUTION | ATR%=0.89 | TP=1.50% | Dev=2.50%
2026-02-24 20:04:41,950 [INFO] Equity: $10014.23 (0.14%) | Cash: $6531.19 | Deals: 3 active, 4 completed | DD: 0.5%
2026-02-24 20:04:41,952 [DEBUG] Sleeping 3600s until next cycle...
2026-02-24 20:30:33,904 [INFO] ── Cycle 11 at 2026-02-25T04:30:33+00:00 ──
2026-02-24 20:30:36,541 [INFO] 🔄 Regime change for ETH/USDC: MILD_TREND → DISTRIBUTION
2026-02-24 20:30:36,545 [DEBUG] ETH/USDC: $1912.0000 | regime=DISTRIBUTION | ATR%=1.02 | TP=1.72% | Dev=2.86%
2026-02-24 20:30:38,978 [DEBUG] SOL/USDC: $82.2030 | regime=TRENDING | ATR%=1.13 | TP=2.00% | Dev=3.00%
2026-02-24 20:30:40,557 [INFO] 🔄 Regime change for BTC/USDC: MILD_TREND → DISTRIBUTION
2026-02-24 20:30:40,557 [DEBUG] BTC/USDC: $65604.0000 | regime=DISTRIBUTION | ATR%=0.91 | TP=1.53% | Dev=2.56%
2026-02-24 20:30:40,656 [INFO] Equity: $10040.49 (0.40%) | Cash: $6531.19 | Deals: 3 active, 4 completed | DD: 0.2%
2026-02-24 20:30:40,661 [DEBUG] Sleeping 3600s until next cycle...
2026-02-24 21:04:45,769 [INFO] ── Cycle 2 at 2026-02-25T05:04:45+00:00 ──
2026-02-24 21:04:48,422 [DEBUG] ETH/USDC: $1906.9000 | regime=DISTRIBUTION | ATR%=0.96 | TP=1.61% | Dev=2.69%
2026-02-24 21:04:49,911 [DEBUG] SOL/USDC: $82.0510 | regime=TRENDING | ATR%=1.09 | TP=2.00% | Dev=3.00%
2026-02-24 21:04:51,419 [DEBUG] BTC/USDC: $65443.0000 | regime=DISTRIBUTION | ATR%=0.85 | TP=1.43% | Dev=2.38%
2026-02-24 21:04:51,523 [INFO] Equity: $10032.32 (0.32%) | Cash: $6531.19 | Deals: 3 active, 4 completed | DD: 0.3%
2026-02-24 21:04:51,525 [DEBUG] Sleeping 3600s until next cycle...
2026-02-24 21:30:44,105 [INFO] ── Cycle 12 at 2026-02-25T05:30:44+00:00 ──
2026-02-24 21:30:46,800 [INFO] 🔄 Regime change for ETH/USDC: DISTRIBUTION → MILD_TREND
2026-02-24 21:30:46,800 [DEBUG] ETH/USDC: $1893.8000 | regime=MILD_TREND | ATR%=1.03 | TP=2.00% | Dev=3.00%
2026-02-24 21:30:48,700 [DEBUG] SOL/USDC: $81.5180 | regime=TRENDING | ATR%=1.14 | TP=2.00% | Dev=3.00%
2026-02-24 21:30:50,181 [DEBUG] BTC/USDC: $65221.0000 | regime=DISTRIBUTION | ATR%=0.88 | TP=1.48% | Dev=2.47%
2026-02-24 21:30:50,290 [INFO] Equity: $10012.76 (0.13%) | Cash: $6531.19 | Deals: 3 active, 4 completed | DD: 0.5%
2026-02-24 21:30:50,296 [DEBUG] Sleeping 3600s until next cycle...
2026-02-24 22:04:55,531 [INFO] ── Cycle 3 at 2026-02-25T06:04:55+00:00 ──
2026-02-24 22:04:58,377 [DEBUG] ETH/USDC: $1890.0000 | regime=DISTRIBUTION | ATR%=0.98 | TP=1.66% | Dev=2.76%
2026-02-24 22:05:00,077 [DEBUG] SOL/USDC: $81.3420 | regime=TRENDING | ATR%=1.11 | TP=2.00% | Dev=3.00%
2026-02-24 22:05:01,309 [DEBUG] BTC/USDC: $64974.0000 | regime=DISTRIBUTION | ATR%=0.86 | TP=1.46% | Dev=2.43%
2026-02-24 22:05:01,409 [INFO] Equity: $10003.53 (0.04%) | Cash: $6531.19 | Deals: 3 active, 4 completed | DD: 0.6%
2026-02-24 22:05:01,415 [DEBUG] Sleeping 3600s until next cycle...
2026-02-24 22:30:54,690 [INFO] ── Cycle 13 at 2026-02-25T06:30:54+00:00 ──
2026-02-24 22:30:57,373 [INFO] 🔄 Regime change for ETH/USDC: MILD_TREND → DISTRIBUTION
2026-02-24 22:30:57,377 [DEBUG] ETH/USDC: $1892.0000 | regime=DISTRIBUTION | ATR%=1.00 | TP=1.69% | Dev=2.81%
2026-02-24 22:30:59,151 [DEBUG] SOL/USDC: $81.6600 | regime=TRENDING | ATR%=1.15 | TP=2.00% | Dev=3.00%
2026-02-24 22:31:00,695 [DEBUG] BTC/USDC: $65002.0000 | regime=DISTRIBUTION | ATR%=0.88 | TP=1.48% | Dev=2.47%
2026-02-24 22:31:00,820 [INFO] Equity: $10009.73 (0.10%) | Cash: $6531.19 | Deals: 3 active, 4 completed | DD: 0.6%
2026-02-24 22:31:00,829 [DEBUG] Sleeping 3600s until next cycle...
2026-02-24 23:05:04,465 [INFO] ── Cycle 4 at 2026-02-25T07:05:04+00:00 ──
2026-02-24 23:05:07,033 [DEBUG] ETH/USDC: $1886.4000 | regime=DISTRIBUTION | ATR%=0.96 | TP=1.62% | Dev=2.70%
2026-02-24 23:05:08,665 [DEBUG] SOL/USDC: $81.5050 | regime=TRENDING | ATR%=1.11 | TP=2.00% | Dev=3.00%
2026-02-24 23:05:10,084 [DEBUG] BTC/USDC: $64886.0000 | regime=DISTRIBUTION | ATR%=0.84 | TP=1.42% | Dev=2.36%
2026-02-24 23:05:10,194 [INFO] Equity: $10002.02 (0.02%) | Cash: $6531.19 | Deals: 3 active, 4 completed | DD: 0.6%
2026-02-24 23:05:10,199 [DEBUG] Sleeping 3600s until next cycle...
2026-02-24 23:31:03,823 [INFO] ── Cycle 14 at 2026-02-25T07:31:03+00:00 ──
2026-02-24 23:31:07,788 [DEBUG] ETH/USDC: $1892.4000 | regime=DISTRIBUTION | ATR%=0.99 | TP=1.67% | Dev=2.79%
2026-02-24 23:31:09,377 [DEBUG] SOL/USDC: $82.2220 | regime=TRENDING | ATR%=1.16 | TP=2.00% | Dev=3.00%
2026-02-24 23:31:10,809 [DEBUG] BTC/USDC: $65113.0000 | regime=DISTRIBUTION | ATR%=0.87 | TP=1.47% | Dev=2.45%
2026-02-24 23:31:10,926 [INFO] Equity: $10019.85 (0.20%) | Cash: $6531.19 | Deals: 3 active, 4 completed | DD: 0.5%
2026-02-24 23:31:10,929 [DEBUG] Sleeping 3600s until next cycle...
2026-02-25 00:05:13,409 [INFO] ── Cycle 5 at 2026-02-25T08:05:13+00:00 ──
2026-02-25 00:05:15,933 [DEBUG] ETH/USDC: $1890.3000 | regime=DISTRIBUTION | ATR%=0.96 | TP=1.62% | Dev=2.69%
2026-02-25 00:05:17,418 [DEBUG] SOL/USDC: $82.0890 | regime=TRENDING | ATR%=1.12 | TP=2.00% | Dev=3.00%
2026-02-25 00:05:19,732 [DEBUG] BTC/USDC: $64964.0000 | regime=DISTRIBUTION | ATR%=0.83 | TP=1.39% | Dev=2.32%
2026-02-25 00:05:19,842 [INFO] Equity: $10014.02 (0.14%) | Cash: $6531.19 | Deals: 3 active, 4 completed | DD: 0.5%
2026-02-25 00:05:19,847 [DEBUG] Sleeping 3600s until next cycle...
2026-02-25 00:31:14,711 [INFO] ── Cycle 15 at 2026-02-25T08:31:14+00:00 ──
2026-02-25 00:31:18,765 [DEBUG] ETH/USDC: $1897.2000 | regime=DISTRIBUTION | ATR%=0.97 | TP=1.64% | Dev=2.73%
2026-02-25 00:31:20,274 [DEBUG] SOL/USDC: $82.3970 | regime=TRENDING | ATR%=1.14 | TP=2.00% | Dev=3.00%
2026-02-25 00:31:21,775 [DEBUG] BTC/USDC: $65220.0000 | regime=DISTRIBUTION | ATR%=0.84 | TP=1.42% | Dev=2.37%
2026-02-25 00:31:21,887 [INFO] Equity: $10027.19 (0.27%) | Cash: $6531.19 | Deals: 3 active, 4 completed | DD: 0.4%
2026-02-25 00:31:21,896 [DEBUG] Sleeping 3600s until next cycle...
2026-02-25 01:05:23,783 [INFO] ── Cycle 6 at 2026-02-25T09:05:23+00:00 ──
2026-02-25 01:05:26,376 [DEBUG] ETH/USDC: $1912.3000 | regime=DISTRIBUTION | ATR%=0.99 | TP=1.67% | Dev=2.78%
2026-02-25 01:05:27,685 [DEBUG] SOL/USDC: $82.4820 | regime=TRENDING | ATR%=1.10 | TP=2.00% | Dev=3.00%
2026-02-25 01:05:29,114 [DEBUG] BTC/USDC: $65579.0000 | regime=DISTRIBUTION | ATR%=0.84 | TP=1.41% | Dev=2.35%
2026-02-25 01:05:29,210 [INFO] Equity: $10044.15 (0.44%) | Cash: $6531.19 | Deals: 3 active, 4 completed | DD: 0.2%
2026-02-25 01:05:29,216 [DEBUG] Sleeping 3600s until next cycle...
2026-02-25 01:31:25,064 [INFO] ── Cycle 16 at 2026-02-25T09:31:25+00:00 ──
2026-02-25 01:31:28,065 [DEBUG] ETH/USDC: $1911.9000 | regime=DISTRIBUTION | ATR%=1.00 | TP=1.69% | Dev=2.82%
2026-02-25 01:31:29,855 [DEBUG] SOL/USDC: $82.3760 | regime=TRENDING | ATR%=1.12 | TP=2.00% | Dev=3.00%
2026-02-25 01:31:31,609 [DEBUG] BTC/USDC: $65553.0000 | regime=DISTRIBUTION | ATR%=0.85 | TP=1.43% | Dev=2.39%
2026-02-25 01:31:31,746 [INFO] Equity: $10041.95 (0.42%) | Cash: $6531.19 | Deals: 3 active, 4 completed | DD: 0.2%
2026-02-25 01:31:31,774 [DEBUG] Sleeping 3600s until next cycle...
2026-02-25 02:05:33,032 [INFO] ── Cycle 7 at 2026-02-25T10:05:33+00:00 ──
2026-02-25 02:05:36,127 [DEBUG] ETH/USDC: $1915.3000 | regime=DISTRIBUTION | ATR%=0.97 | TP=1.65% | Dev=2.74%
2026-02-25 02:05:38,128 [DEBUG] SOL/USDC: $82.5640 | regime=TRENDING | ATR%=1.10 | TP=2.00% | Dev=3.00%
2026-02-25 02:05:39,739 [DEBUG] BTC/USDC: $65515.0000 | regime=DISTRIBUTION | ATR%=0.84 | TP=1.41% | Dev=2.36%
2026-02-25 02:05:39,833 [INFO] Equity: $10046.02 (0.46%) | Cash: $6531.19 | Deals: 3 active, 4 completed | DD: 0.2%
2026-02-25 02:05:39,838 [DEBUG] Sleeping 3600s until next cycle...
2026-02-25 02:31:36,036 [INFO] ── Cycle 17 at 2026-02-25T10:31:36+00:00 ──
2026-02-25 02:31:38,611 [DEBUG] ETH/USDC: $1912.7000 | regime=DISTRIBUTION | ATR%=1.00 | TP=1.68% | Dev=2.81%
2026-02-25 02:31:39,999 [DEBUG] SOL/USDC: $82.6010 | regime=TRENDING | ATR%=1.11 | TP=2.00% | Dev=3.00%
2026-02-25 02:31:41,309 [DEBUG] BTC/USDC: $65376.0000 | regime=DISTRIBUTION | ATR%=0.85 | TP=1.44% | Dev=2.40%
2026-02-25 02:31:41,379 [INFO] Equity: $10042.45 (0.42%) | Cash: $6531.19 | Deals: 3 active, 4 completed | DD: 0.2%
2026-02-25 02:31:41,383 [DEBUG] Sleeping 3600s until next cycle...
2026-02-25 03:05:47,829 [INFO] ── Cycle 8 at 2026-02-25T11:05:47+00:00 ──
2026-02-25 03:05:50,389 [DEBUG] ETH/USDC: $1909.6000 | regime=DISTRIBUTION | ATR%=0.97 | TP=1.64% | Dev=2.74%
2026-02-25 03:05:51,698 [DEBUG] SOL/USDC: $82.4320 | regime=TRENDING | ATR%=1.08 | TP=2.00% | Dev=3.00%
2026-02-25 03:05:52,943 [DEBUG] BTC/USDC: $65231.0000 | regime=DISTRIBUTION | ATR%=0.81 | TP=1.37% | Dev=2.28%
2026-02-25 03:05:53,007 [INFO] Equity: $10035.57 (0.36%) | Cash: $6531.19 | Deals: 3 active, 4 completed | DD: 0.3%
2026-02-25 03:05:53,010 [DEBUG] Sleeping 3600s until next cycle...
2026-02-25 03:31:48,660 [INFO] ── Cycle 18 at 2026-02-25T11:31:48+00:00 ──
2026-02-25 03:31:51,001 [DEBUG] ETH/USDC: $1920.3000 | regime=DISTRIBUTION | ATR%=1.00 | TP=1.69% | Dev=2.82%
2026-02-25 03:31:52,273 [DEBUG] SOL/USDC: $82.9260 | regime=TRENDING | ATR%=1.12 | TP=2.00% | Dev=3.00%
2026-02-25 03:31:53,552 [DEBUG] BTC/USDC: $65355.0000 | regime=DISTRIBUTION | ATR%=0.81 | TP=1.37% | Dev=2.28%
2026-02-25 03:31:53,611 [INFO] Equity: $10051.35 (0.51%) | Cash: $6531.19 | Deals: 3 active, 4 completed | DD: 0.1%
2026-02-25 03:31:53,617 [DEBUG] Sleeping 3600s until next cycle...
